episode_reward,avg_throughput,avg_latency,avg_energy,fault_violations,policy,arrival_rate,episode
-64.87599687989498,0.98,8521.11593078834,553.1239519427478,15,RoundRobin,0.0,0
-59.10998637140577,0.975,7491.768361196766,552.4890643063376,15,RoundRobin,0.0,1
-55.26555942709481,0.975,7823.323120098855,543.7384310597527,15,RoundRobin,0.0,2
-55.677655046279156,0.98,7807.216102460492,545.7515376472741,15,RoundRobin,0.0,3
-65.73845336151564,0.975,8855.893111747211,550.1546420365481,15,RoundRobin,0.0,4
-67.34757438432237,0.965,8467.013119899535,553.5682434973876,15,RoundRobin,0.0,5
-68.83635763469388,0.975,8068.1961736448975,561.8907708892367,15,RoundRobin,0.0,6
-77.31253493972272,0.97,9263.540899460018,561.3469343144436,15,RoundRobin,0.0,7
-48.733127294334196,0.98,7259.117022253631,540.2676377412187,15,RoundRobin,0.0,8
-59.72638493099803,0.97,8106.287352546835,546.6329912235751,15,RoundRobin,0.0,9
-62.52895780699737,0.97,8344.02520353314,548.6972098786978,15,RoundRobin,0.0,10
-55.94283338283513,0.97,7403.653702506645,547.281366751693,15,RoundRobin,0.0,11
-63.87142058826037,0.975,9012.91932158399,545.9408569881349,15,RoundRobin,0.0,12
-66.83398517922552,0.965,8278.451976128452,554.4949099836822,15,RoundRobin,0.0,13
-71.0777634412665,0.97,8428.173352726564,560.7630849873611,15,RoundRobin,0.0,14
-70.55568843905746,0.98,9069.493965936887,556.7080869651544,15,RoundRobin,0.0,15
-83.8349210357272,0.98,9532.599960389625,572.4589819100845,15,RoundRobin,0.0,16
-52.988747789226146,0.98,7599.657581861722,543.5862034470836,15,RoundRobin,0.0,17
-63.01345177111046,0.975,8574.499840563405,548.5996790915951,15,RoundRobin,0.0,18
-78.61731562916931,0.98,9216.739876953116,567.475314551176,15,RoundRobin,0.0,19
29.924835917258356,0.98,7054.029761904763,529.1264782669696,1,SJF,0.0,0
41.99065349545201,0.975,5657.313492063491,522.3481983282503,1,SJF,0.0,1
26.90773669236606,0.975,7263.772546897547,523.0144420393729,2,SJF,0.0,2
33.06714313305531,0.98,6281.648809523809,531.364446014703,1,SJF,0.0,3
19.88420921679705,0.975,7887.027777777777,535.440436174804,1,SJF,0.0,4
16.25914637933436,0.965,7921.496031746027,538.0678161452843,1,SJF,0.0,5
23.164906181094064,0.975,5854.168650793652,548.8151228712162,1,SJF,0.0,6
3.3008664988769807,0.97,6937.557539682541,551.3606823945418,3,SJF,0.0,7
21.70450705771511,0.98,6741.581349206347,536.7690072705701,2,SJF,0.0,8
26.10228781348904,0.97,6620.277777777777,528.7640682797663,2,SJF,0.0,9
27.27169489945651,0.97,6939.25992063492,539.1391183651008,0,SJF,0.0,10
27.766819939060646,0.97,6465.428571428571,535.1609129485521,1,SJF,0.0,11
31.466884808604707,0.975,6800.017857142854,527.8495120728074,1,SJF,0.0,12
35.38651425347,0.965,6928.394841269841,525.8146750483662,0,SJF,0.0,13
23.669854635950692,0.97,6519.228174603177,533.3221644746454,2,SJF,0.0,14
27.51774351918845,0.98,6876.410714285716,534.3356882926461,1,SJF,0.0,15
22.952917962589584,0.98,6664.085317460317,543.0938551989728,1,SJF,0.0,16
33.03413183653375,0.98,6103.200396825398,525.5199986737707,2,SJF,0.0,17
31.703203868453254,0.975,6242.138888888887,532.5159441973199,1,SJF,0.0,18
28.56554497635779,0.98,5915.16468253968,541.415200392606,1,SJF,0.0,19
29.924835917258356,0.98,7054.029761904763,529.1264782669696,1,GreedyMinMin,0.0,0
41.99065349545201,0.975,5657.313492063491,522.3481983282503,1,GreedyMinMin,0.0,1
26.90773669236606,0.975,7263.772546897547,523.0144420393729,2,GreedyMinMin,0.0,2
33.06714313305531,0.98,6281.648809523809,531.364446014703,1,GreedyMinMin,0.0,3
19.88420921679705,0.975,7887.027777777777,535.440436174804,1,GreedyMinMin,0.0,4
16.25914637933436,0.965,7921.496031746027,538.0678161452843,1,GreedyMinMin,0.0,5
23.164906181094064,0.975,5854.168650793652,548.8151228712162,1,GreedyMinMin,0.0,6
3.3008664988769807,0.97,6937.557539682541,551.3606823945418,3,GreedyMinMin,0.0,7
21.70450705771511,0.98,6741.581349206347,536.7690072705701,2,GreedyMinMin,0.0,8
26.10228781348904,0.97,6620.277777777777,528.7640682797663,2,GreedyMinMin,0.0,9
27.27169489945651,0.97,6939.25992063492,539.1391183651008,0,GreedyMinMin,0.0,10
27.766819939060646,0.97,6465.428571428571,535.1609129485521,1,GreedyMinMin,0.0,11
31.466884808604707,0.975,6800.017857142854,527.8495120728074,1,GreedyMinMin,0.0,12
35.38651425347,0.965,6928.394841269841,525.8146750483662,0,GreedyMinMin,0.0,13
23.669854635950692,0.97,6519.228174603177,533.3221644746454,2,GreedyMinMin,0.0,14
27.51774351918845,0.98,6876.410714285716,534.3356882926461,1,GreedyMinMin,0.0,15
22.952917962589584,0.98,6664.085317460317,543.0938551989728,1,GreedyMinMin,0.0,16
33.03413183653375,0.98,6103.200396825398,525.5199986737707,2,GreedyMinMin,0.0,17
31.703203868453254,0.975,6242.138888888887,532.5159441973199,1,GreedyMinMin,0.0,18
28.56554497635779,0.98,5915.16468253968,541.415200392606,1,GreedyMinMin,0.0,19
-74.14811016439062,0.98,8596.76055227023,551.3513202761537,17,Random,0.0,0
-61.093554508081105,0.975,8539.922325631884,553.5310308314346,14,Random,0.0,1
-53.79802465738399,0.975,9278.078871141755,550.9443271458002,12,Random,0.0,2
-69.8800676940428,0.98,9816.987369162485,556.4672152186018,14,Random,0.0,3
-71.07249880802512,0.975,8224.843344692805,548.835158109802,17,Random,0.0,4
-83.47633265821354,0.965,9077.840675677282,549.7639329062245,18,Random,0.0,5
-85.3840424952198,0.975,9071.177300227779,555.1854680407798,18,Random,0.0,6
-72.86941734231581,0.97,9195.118159747031,562.7980625757504,14,Random,0.0,7
-82.89093963040844,0.98,8599.302730562387,549.4426848705515,19,Random,0.0,8
-35.05978788577023,0.97,6887.329312435931,543.1037180167318,12,Random,0.0,9
-111.85039189600334,0.97,10844.134231026557,555.1783797647659,21,Random,0.0,10
-68.04897673078216,0.97,9640.045182157024,560.3130584567601,13,Random,0.0,11
-61.61948455600048,0.975,7766.372137000424,546.2818776009967,16,Random,0.0,12
-98.71760794964388,0.95,9317.108791154691,551.7224328040736,20,Random,0.0,13
-80.7958135322936,0.97,9605.739083607315,564.7420685459745,15,Random,0.0,14
-113.17717711829094,0.98,9261.02778020004,557.6665156556362,23,Random,0.0,15
-41.05629803847869,0.98,8070.579483016982,566.4492317105653,9,Random,0.0,16
-96.61072481651736,0.98,9193.818392206085,542.1717216949213,22,Random,0.0,17
-53.07281235568299,0.975,7679.50008185399,549.2437177968385,14,Random,0.0,18
-52.426279469460965,0.98,8795.623730028143,561.9788056339381,11,Random,0.0,19
11.24361714652963,0.98,5658.240079365081,532.2104135659199,6,DQN,0.0,0
11.918116938965792,0.97,5795.090950715949,527.4670060351076,6,DQN,0.0,1
-16.071531109823756,0.975,7452.1421425796425,540.7880173815189,8,DQN,0.0,2
17.89684613057184,0.98,5943.890873015875,534.6597129469993,4,DQN,0.0,3
-38.715297148038374,0.975,8812.370892995892,547.5116076850948,10,DQN,0.0,4
-39.11458381535818,0.96,8677.494103119105,545.5744287949652,10,DQN,0.0,5
-64.96774955006393,0.975,8465.484672190554,560.0122622753812,14,DQN,0.0,6
-5.6131473328648545,0.97,6277.779845154843,549.419702392904,6,DQN,0.0,7
42.093105530571705,0.98,5062.875,521.294466704142,2,DQN,0.0,8
1.253954910307081,0.97,5760.88992951493,536.271058268905,7,DQN,0.0,9
-20.74048842345624,0.97,6887.977550227552,536.6189346831362,10,DQN,0.0,10
18.521447980471052,0.96,5992.854076479074,535.7821413409818,3,DQN,0.0,11
44.933576516055915,0.97,4323.738095238097,513.6859923687738,3,DQN,0.0,12
41.356422633711844,0.96,4855.828282828284,519.2629115039779,2,DQN,0.0,13
-20.493224302222227,0.96,7339.481285054816,552.1845048878399,7,DQN,0.0,14
-26.592395716126422,0.975,7651.671398046398,539.7735509917719,10,DQN,0.0,15
-27.65256498403682,0.98,7881.2988955488945,555.5471574161152,8,DQN,0.0,16
62.879778343731644,0.965,4388.147560772561,507.43700443744916,0,DQN,0.0,17
21.488581244607214,0.97,5782.5449134199125,528.22422391231,4,DQN,0.0,18
5.829167750637103,0.975,5849.180375180376,537.363624997421,6,DQN,0.0,19
-17.731466669557484,0.98,7607.807262182266,535.6269346446959,9,PPO,0.0,0
-61.44662047166747,0.975,8161.304522165853,542.4681900080085,16,PPO,0.0,1
4.415793223596382,0.975,6767.521034521034,523.718620853916,7,PPO,0.0,2
-86.87978101309128,0.98,10082.072671998847,557.081017471647,17,PPO,0.0,3
-87.59943200124927,0.975,11991.887905460626,547.2221568527284,16,PPO,0.0,4
-42.82023834288696,0.965,8191.021558184675,534.2611634906683,13,PPO,0.0,5
-35.16950624278622,0.975,8685.121722618633,550.8381638606116,9,PPO,0.0,6
-37.86035877835735,0.97,8538.623049787328,547.4429307194504,10,PPO,0.0,7
-35.69023157708318,0.98,9182.522879360919,540.8926414513764,10,PPO,0.0,8
-1.7044542444731055,0.97,7673.801684426684,523.4924662068694,7,PPO,0.0,9
-17.069797050970934,0.97,7212.7429117365255,535.6900093708277,9,PPO,0.0,10
-68.13733841199264,0.97,10028.588296605469,549.4487129485399,14,PPO,0.0,11
-20.831009146803385,0.975,8436.352799977798,531.5693385204048,9,PPO,0.0,12
-82.97785024781902,0.965,10143.550448835127,554.4248213322124,16,PPO,0.0,13
-64.18414799998142,0.97,8600.62630444461,548.8705852599709,15,PPO,0.0,14
-69.84350454920312,0.97,10791.962405757298,552.6375951719888,13,PPO,0.0,15
-44.11737669338018,0.98,8672.752579313534,550.6212918262484,11,PPO,0.0,16
19.85989109458313,0.98,7396.0008186258165,518.646155990493,4,PPO,0.0,17
-65.47217802288053,0.975,9747.161139789567,549.2338167762148,14,PPO,0.0,18
-74.3885949771054,0.98,8219.731210495991,555.1053115711939,17,PPO,0.0,19
-20.244620121453785,1.55,9597.117511052707,618.9928725827065,15,RoundRobin,0.5,0
-44.92275769236542,1.465,11143.967727933656,620.8384269871451,15,RoundRobin,0.5,1
-21.896602899872434,1.455,9554.00470668723,598.1088619896237,15,RoundRobin,0.5,2
-36.7602060695749,1.425,10002.771247511604,607.6153678767577,15,RoundRobin,0.5,3
-34.89370831863819,1.48,9710.638872884534,622.4448126219966,15,RoundRobin,0.5,4
-32.94566718325355,1.485,8292.418921850795,633.5367304782234,15,RoundRobin,0.5,5
-30.178945397323535,1.42,9818.191934768693,599.4046906830672,15,RoundRobin,0.5,6
-36.03978331538556,1.425,8937.91495259818,617.3684403996945,15,RoundRobin,0.5,7
-8.01212546337219,1.52,8775.561346182685,600.5381360794136,15,RoundRobin,0.5,8
-37.99085802869057,1.425,9193.286766965819,617.9967061403436,15,RoundRobin,0.5,9
-29.18128676437254,1.34,8842.116175132021,586.6928845703708,15,RoundRobin,0.5,10
-38.88886754771161,1.375,9095.919988676964,607.7200214234743,15,RoundRobin,0.5,11
-24.558909601527727,1.45,8853.727942400394,607.154812920688,15,RoundRobin,0.5,12
-16.68850265941069,1.435,7810.154599130618,600.9913625969403,15,RoundRobin,0.5,13
-29.96299522033223,1.505,10423.723017812845,614.8809856701827,15,RoundRobin,0.5,14
-33.56936874136924,1.44,9095.695089721943,615.9927973045565,15,RoundRobin,0.5,15
-13.590073685805043,1.455,8123.699852168331,598.5218118591924,15,RoundRobin,0.5,16
-18.416964711445594,1.45,8061.066995616707,605.075844106618,15,RoundRobin,0.5,17
-30.577734294531183,1.415,9876.99456771712,598.2236503323425,15,RoundRobin,0.5,18
-22.075311524508287,1.5,8982.107853769789,611.0239966028338,15,RoundRobin,0.5,19
65.37165014360161,1.555,7405.715234112294,622.7910876775868,0,SJF,0.5,0
56.75206757946205,1.5,8001.184274896929,617.8612401567343,0,SJF,0.5,1
60.3142668918511,1.455,8012.42035742036,601.1668164454401,0,SJF,0.5,2
50.48715931827847,1.425,7993.779509383804,608.5752454381278,0,SJF,0.5,3
54.63320075075648,1.495,7391.8127691237205,625.2738839517516,0,SJF,0.5,4
51.41072877025532,1.51,7077.886020476769,629.1829326603262,1,SJF,0.5,5
66.9879380009297,1.42,7703.933760683759,585.182689152452,0,SJF,0.5,6
65.48003258736719,1.44,6367.055957930957,604.4764474975706,0,SJF,0.5,7
86.30293513448203,1.54,6641.779456654455,595.7695821883871,0,SJF,0.5,8
50.32245172234637,1.435,7184.276185007804,611.1078367514106,1,SJF,0.5,9
68.65454667575676,1.34,6572.672272172271,572.8641295368142,0,SJF,0.5,10
48.38652642081846,1.38,7064.01274542451,601.3440956599518,1,SJF,0.5,11
61.05043711394945,1.46,7433.268303076355,606.5249296013884,0,SJF,0.5,12
61.61939223430675,1.435,6433.644980019978,600.9181068283602,1,SJF,0.5,13
53.30290417458738,1.505,7702.559580147236,611.9726075167937,2,SJF,0.5,14
47.831653517546556,1.46,7316.205788492554,618.6566676272473,1,SJF,0.5,15
73.8819348700088,1.455,5993.638595065067,591.4843503394011,1,SJF,0.5,16
58.3618803846124,1.45,7154.004803611422,603.0711361905788,1,SJF,0.5,17
59.04801057180202,1.43,7938.755355841268,597.4791859397255,0,SJF,0.5,18
63.45318583867455,1.51,6862.227025425555,609.3101780131581,1,SJF,0.5,19
65.37165014360161,1.555,7405.715234112294,622.7910876775868,0,GreedyMinMin,0.5,0
56.75206757946205,1.5,8001.184274896929,617.8612401567343,0,GreedyMinMin,0.5,1
60.3142668918511,1.455,8012.42035742036,601.1668164454401,0,GreedyMinMin,0.5,2
50.48715931827847,1.425,7993.779509383804,608.5752454381278,0,GreedyMinMin,0.5,3
54.63320075075648,1.495,7391.8127691237205,625.2738839517516,0,GreedyMinMin,0.5,4
51.41072877025532,1.51,7077.886020476769,629.1829326603262,1,GreedyMinMin,0.5,5
66.9879380009297,1.42,7703.933760683759,585.182689152452,0,GreedyMinMin,0.5,6
65.48003258736719,1.44,6367.055957930957,604.4764474975706,0,GreedyMinMin,0.5,7
86.30293513448203,1.54,6641.779456654455,595.7695821883871,0,GreedyMinMin,0.5,8
50.32245172234637,1.435,7184.276185007804,611.1078367514106,1,GreedyMinMin,0.5,9
68.65454667575676,1.34,6572.672272172271,572.8641295368142,0,GreedyMinMin,0.5,10
48.38652642081846,1.38,7064.01274542451,601.3440956599518,1,GreedyMinMin,0.5,11
61.05043711394945,1.46,7433.268303076355,606.5249296013884,0,GreedyMinMin,0.5,12
61.61939223430675,1.435,6433.644980019978,600.9181068283602,1,GreedyMinMin,0.5,13
53.30290417458738,1.505,7702.559580147236,611.9726075167937,2,GreedyMinMin,0.5,14
47.831653517546556,1.46,7316.205788492554,618.6566676272473,1,GreedyMinMin,0.5,15
73.8819348700088,1.455,5993.638595065067,591.4843503394011,1,GreedyMinMin,0.5,16
58.3618803846124,1.45,7154.004803611422,603.0711361905788,1,GreedyMinMin,0.5,17
59.04801057180202,1.43,7938.755355841268,597.4791859397255,0,GreedyMinMin,0.5,18
63.45318583867455,1.51,6862.227025425555,609.3101780131581,1,GreedyMinMin,0.5,19
-39.36666761834148,1.55,10036.930923721338,628.7176231140203,17,Random,0.5,0
-23.966380459307288,1.485,9217.015979101596,619.2464268770466,14,Random,0.5,1
-15.376225155395812,1.45,10352.204431730604,602.3944978475181,12,Random,0.5,2
-39.75610201557566,1.42,10843.078207279425,612.0464491578489,14,Random,0.5,3
-45.12950288073234,1.48,9353.399595221897,626.0136579641016,17,Random,0.5,4
-57.658368393507494,1.455,9650.096189630602,628.3866868835858,18,Random,0.5,5
-52.23117692397863,1.405,10773.200783969169,597.6379583302456,18,Random,0.5,6
-11.666178627533755,1.44,7915.750813721471,601.2575106178075,14,Random,0.5,7
-30.278260249560102,1.54,8776.149623282317,608.9320437647989,19,Random,0.5,8
-16.96885150896503,1.435,8665.193286663904,616.2165376834726,12,Random,0.5,9
-65.44889953529567,1.34,9576.852934245057,586.9816728947377,21,Random,0.5,10
-36.969862742119865,1.38,10421.982260324867,609.1569537702555,13,Random,0.5,11
-25.2014621117526,1.455,8939.631746624545,601.095507448008,16,Random,0.5,12
-53.636487229000316,1.405,9336.697214085565,597.6744559167303,20,Random,0.5,13
-34.75449612541845,1.485,10893.668392629368,612.8387286544638,15,Random,0.5,14
-94.2739064709834,1.405,11083.240254101092,619.1616974195655,23,Random,0.5,15
30.615711360115363,1.455,6761.739931500338,589.4707735763238,9,Random,0.5,16
-64.2341712650972,1.42,9495.83787866951,600.8887159896199,22,Random,0.5,17
-23.922447881427882,1.425,9863.898847720755,598.3585821926551,14,Random,0.5,18
6.9209457422898755,1.51,7921.634887497189,613.3238673990901,11,Random,0.5,19
62.59745380878746,1.535,7226.207740616795,614.8179496212674,1,DQN,0.5,0
21.6608791828962,1.49,9372.091871741955,616.9098543799784,5,DQN,0.5,1
49.60521202662267,1.445,8893.392572232553,591.8016488099729,2,DQN,0.5,2
40.94963635680734,1.42,7847.820278128452,607.9451629616328,2,DQN,0.5,3
49.04789887207976,1.48,7009.080464817563,610.8464275085221,3,DQN,0.5,4
48.28703875460665,1.5,6990.774017327778,617.1524757121399,3,DQN,0.5,5
20.497089239623463,1.41,9555.22583851047,598.2573335939701,5,DQN,0.5,6
18.63221238675151,1.42,7521.66790328265,606.8566702903289,7,DQN,0.5,7
73.56493547783987,1.54,6757.511384448885,598.8349943232001,2,DQN,0.5,8
11.53990074023473,1.425,8799.709279786335,614.7427653715706,6,DQN,0.5,9
31.208841346261313,1.325,7011.0419444676445,576.337360480399,6,DQN,0.5,10
34.248246982722975,1.38,7834.403391489866,600.6179990025067,3,DQN,0.5,11
36.665673047631685,1.45,8178.521070299112,603.8948007958602,4,DQN,0.5,12
60.29061886953952,1.425,6038.449982207334,588.9680218558246,3,DQN,0.5,13
44.09260313004659,1.5,8440.91941540092,610.3928205663219,3,DQN,0.5,14
18.202682530418162,1.42,10295.650989043008,612.5351173029856,3,DQN,0.5,15
43.776247551690865,1.45,6569.61277335701,592.7091137122504,6,DQN,0.5,16
74.9182127535159,1.445,5830.600976637743,581.3972720799865,2,DQN,0.5,17
62.310520664855154,1.43,7900.010844010649,592.9341214066217,0,DQN,0.5,18
50.2326545037142,1.51,7574.181557107808,603.9833842304582,4,DQN,0.5,19
-15.491410971898507,1.515,10542.770383961264,609.6021830021963,13,PPO,0.5,0
-78.44452563323739,1.42,12595.637294826305,615.5560527964191,19,PPO,0.5,1
11.697758746714255,1.44,10634.72088876317,594.2408738810601,7,PPO,0.5,2
-146.5924439340361,1.315,12809.944492332605,600.8491654700612,31,PPO,0.5,3
-143.5710990162893,1.375,12760.102110963771,611.7657295257599,31,PPO,0.5,4
-37.90281007602037,1.425,9605.610373266796,606.6537217546293,16,PPO,0.5,5
8.284333183853276,1.42,9435.652278390648,582.6526297187044,10,PPO,0.5,6
-73.05208218895024,1.43,9534.22546904373,608.770094062032,23,PPO,0.5,7
71.93940566712169,1.52,7637.491489160997,588.3534680968687,2,PPO,0.5,8
-105.37331561570184,1.33,12630.054988951664,611.8894785229882,22,PPO,0.5,9
-54.23587619085116,1.315,10739.30378725002,578.4500802010263,18,PPO,0.5,10
-73.01176614599082,1.31,11176.397365576395,593.9300729287987,19,PPO,0.5,11
-110.49272113524604,1.385,11353.747110555372,599.8053577078706,28,PPO,0.5,12
-93.16950069098311,1.355,11119.835329263618,590.925733073102,25,PPO,0.5,13
-80.49925544217028,1.42,11669.72559163317,605.7213528385568,22,PPO,0.5,14
-145.44284293149562,1.335,15219.838072727756,619.9357217426935,26,PPO,0.5,15
-73.3516434371255,1.42,10050.225286453508,594.575437577607,24,PPO,0.5,16
-109.58771014239254,1.34,12314.794382395328,593.5484157720313,26,PPO,0.5,17
-27.597189948089216,1.39,11577.160282761824,587.2013423772772,13,PPO,0.5,18
-39.95623088536192,1.445,10407.69995862018,592.5150467004615,18,PPO,0.5,19
2.9908799639462496,1.92,10355.782230410852,669.8116399803829,15,RoundRobin,1.0,0
-7.255245965473296,1.825,10955.997716256094,656.0288895019054,15,RoundRobin,1.0,1
28.749466463909652,1.945,8632.897350462612,652.9297241499721,15,RoundRobin,1.0,2
9.360480282354413,1.99,10376.335290749057,677.5722619597268,15,RoundRobin,1.0,3
-13.254770782145087,1.795,10192.547476924014,664.3992288809015,15,RoundRobin,1.0,4
19.084794405238817,2.135,9055.948902794651,711.1192682669902,15,RoundRobin,1.0,5
18.012376853692285,2.085,10176.350632580095,688.8942790262407,15,RoundRobin,1.0,6
-1.210044397001903,1.895,10405.502487579146,669.4155442072906,15,RoundRobin,1.0,7
2.031997491934588,1.835,10416.39133544244,649.4544817431162,15,RoundRobin,1.0,8
0.8823254758714527,1.85,10497.469768431796,649.1992838703067,15,RoundRobin,1.0,9
7.634297962037097,1.835,8515.043853832181,658.1631583724542,15,RoundRobin,1.0,10
15.096411799963038,1.945,10004.458241722961,658.5652581245491,15,RoundRobin,1.0,11
10.593070406117956,1.95,9562.203165366222,671.8005659025274,15,RoundRobin,1.0,12
-3.5242305017390034,1.92,10184.232582239594,679.8782525124523,15,RoundRobin,1.0,13
3.010647679211901,1.95,11552.767056136607,666.5091249759529,15,RoundRobin,1.0,14
-5.169701229916443,1.91,9190.486288899598,690.0401752447785,15,RoundRobin,1.0,15
5.946831740328978,1.9,9790.99772353695,665.460772877674,15,RoundRobin,1.0,16
-21.659916442080238,1.695,10678.850072676845,647.6302240090287,15,RoundRobin,1.0,17
-2.459329906252954,1.875,11753.11098409767,654.1609960025004,15,RoundRobin,1.0,18
-11.473403811208316,1.85,11987.663974335934,659.3211299477894,15,RoundRobin,1.0,19
97.46566677516138,1.995,8051.601928595115,678.8370824799018,0,SJF,1.0,0
81.96738300847868,1.93,8129.488001629263,671.3835334726186,2,SJF,1.0,1
115.92146028628963,1.97,6788.505484754322,656.2712602077767,0,SJF,1.0,2
97.07578262314695,2.065,8677.23700060547,682.5411930598307,1,SJF,1.0,3
79.36340768479829,1.885,8431.64568851838,668.820077276137,1,SJF,1.0,4
102.30180451041393,2.205,7910.760726957849,719.1004466917587,1,SJF,1.0,5
115.52298145527698,2.155,7958.06742583811,693.8429209845417,0,SJF,1.0,6
97.04509043926205,1.96,7551.826057258873,675.2159298257767,0,SJF,1.0,7
95.1375901023557,1.88,7932.611899732674,655.9001077488724,0,SJF,1.0,8
91.91057468738788,1.91,8449.650693828766,652.3372817244592,1,SJF,1.0,9
85.66952491096595,1.855,6950.914407119629,657.6874829694748,2,SJF,1.0,10
107.64242343010694,2.0,7796.433132369317,663.3684666635154,0,SJF,1.0,11
99.38623674510424,1.965,7321.242351476203,672.5294637190575,0,SJF,1.0,12
98.81575376943363,1.99,7602.808990781319,678.3510884288179,0,SJF,1.0,13
90.36258363550913,2.03,9602.797811456654,678.0309442436263,1,SJF,1.0,14
76.39520466213446,1.96,6915.071942630514,696.9215455231239,2,SJF,1.0,15
88.04760942587036,1.95,7286.010866933331,671.1044880587946,2,SJF,1.0,16
83.6772139184863,1.82,8131.185047966664,656.3035136905705,0,SJF,1.0,17
82.7331564605348,1.92,9387.142183978629,671.4159856533901,0,SJF,1.0,18
84.54085105006526,1.885,9158.19366604104,662.0149804305325,0,SJF,1.0,19
97.46566677516138,1.995,8051.601928595115,678.8370824799018,0,GreedyMinMin,1.0,0
81.96738300847868,1.93,8129.488001629263,671.3835334726186,2,GreedyMinMin,1.0,1
115.92146028628963,1.97,6788.505484754322,656.2712602077767,0,GreedyMinMin,1.0,2
97.07578262314695,2.065,8677.23700060547,682.5411930598307,1,GreedyMinMin,1.0,3
79.36340768479829,1.885,8431.64568851838,668.820077276137,1,GreedyMinMin,1.0,4
102.30180451041393,2.205,7910.760726957849,719.1004466917587,1,GreedyMinMin,1.0,5
115.52298145527698,2.155,7958.06742583811,693.8429209845417,0,GreedyMinMin,1.0,6
97.04509043926205,1.96,7551.826057258873,675.2159298257767,0,GreedyMinMin,1.0,7
95.1375901023557,1.88,7932.611899732674,655.9001077488724,0,GreedyMinMin,1.0,8
91.91057468738788,1.91,8449.650693828766,652.3372817244592,1,GreedyMinMin,1.0,9
85.66952491096595,1.855,6950.914407119629,657.6874829694748,2,GreedyMinMin,1.0,10
107.64242343010694,2.0,7796.433132369317,663.3684666635154,0,GreedyMinMin,1.0,11
99.38623674510424,1.965,7321.242351476203,672.5294637190575,0,GreedyMinMin,1.0,12
98.81575376943363,1.99,7602.808990781319,678.3510884288179,0,GreedyMinMin,1.0,13
90.36258363550913,2.03,9602.797811456654,678.0309442436263,1,GreedyMinMin,1.0,14
76.39520466213446,1.96,6915.071942630514,696.9215455231239,2,GreedyMinMin,1.0,15
88.04760942587036,1.95,7286.010866933331,671.1044880587946,2,GreedyMinMin,1.0,16
83.6772139184863,1.82,8131.185047966664,656.3035136905705,0,GreedyMinMin,1.0,17
82.7331564605348,1.92,9387.142183978629,671.4159856533901,0,GreedyMinMin,1.0,18
84.54085105006526,1.885,9158.19366604104,662.0149804305325,0,GreedyMinMin,1.0,19
-6.817301640075486,1.9,10342.309956483943,664.6451628517575,17,Random,1.0,0
5.510648023611301,1.855,9895.595799650782,660.1736657677263,14,Random,1.0,1
39.29622930646003,1.945,8772.389402762425,658.3541514154481,12,Random,1.0,2
1.282389861213519,1.965,11647.92917462248,678.2450526365775,14,Random,1.0,3
-20.631564388582685,1.785,10215.72324243363,657.7558374009712,17,Random,1.0,4
-7.0352887706252725,2.095,9961.13416935633,705.9027256317308,18,Random,1.0,5
-5.732686170471405,2.045,11261.575553089664,683.4948492778998,18,Random,1.0,6
1.4690735257339507,1.9,10687.290702874105,671.6107733855322,14,Random,1.0,7
-24.08236454053785,1.83,11033.57884381789,651.8213372164458,19,Random,1.0,8
31.51631509575688,1.88,9191.67065366741,645.000491473358,12,Random,1.0,9
-36.84120367822121,1.79,9950.31891485826,655.7089352836076,21,Random,1.0,10
16.60814124829035,1.945,11741.60152207019,655.6633744289327,13,Random,1.0,11
5.903999990470883,1.95,9667.793281928734,670.3838604769354,16,Random,1.0,12
-33.365706139804246,1.9,10621.44789242422,679.4555281778881,20,Random,1.0,13
0.1946492090398424,1.945,11376.13725880083,671.072790857233,15,Random,1.0,14
-54.13000082595334,1.87,10297.642215095339,683.5162213030719,23,Random,1.0,15
35.56833523762395,1.9,9149.822914234623,669.2990909154522,9,Random,1.0,16
-60.523225031609655,1.68,11221.093020112463,644.7950003664023,22,Random,1.0,17
-6.08393911395015,1.86,11617.953546916076,664.5643267486811,14,Random,1.0,18
11.415577467027681,1.865,11884.447555619667,658.4166057988814,11,Random,1.0,19
74.31992525969736,1.955,8959.563403300186,671.6340414807521,3,DQN,1.0,0
55.81774919524397,1.87,9927.530151336361,656.9256048451068,5,DQN,1.0,1
88.402345300102,1.94,7757.1773277772145,650.081886099852,4,DQN,1.0,2
63.384843617799305,1.995,10318.586078860744,672.0554598635542,5,DQN,1.0,3
75.60958541934446,1.865,9828.786764031822,648.1265409946969,2,DQN,1.0,4
79.69601390035017,2.14,8792.752865154851,705.0712033630812,4,DQN,1.0,5
110.62372180873604,2.095,7964.125034154178,678.6372919795082,1,DQN,1.0,6
75.78640840561154,1.92,8817.229910724134,669.4653181950655,2,DQN,1.0,7
67.75791700656382,1.82,9225.760770785944,646.5812775530806,3,DQN,1.0,8
65.85385108781195,1.89,10327.809122295293,650.7689412676243,4,DQN,1.0,9
60.00338249831283,1.825,8436.013593385047,652.8208039120651,5,DQN,1.0,10
77.78161142467988,1.96,10270.01842353237,662.1474170511888,2,DQN,1.0,11
97.3569356040169,1.965,7593.148324813129,669.3762616706567,1,DQN,1.0,12
82.39847848815776,1.985,9968.684050399022,665.4341258141717,2,DQN,1.0,13
88.49959739558625,2.015,10295.417263777521,678.3418485326226,0,DQN,1.0,14
59.52012013550301,1.925,7960.181029392097,682.8281905322168,5,DQN,1.0,15
75.91112698760237,1.89,9182.003495280742,652.2452780610697,3,DQN,1.0,16
64.13136759055737,1.815,8707.387896084303,656.6864575494052,3,DQN,1.0,17
71.79304071789477,1.86,10200.504042885847,665.5059025371852,0,DQN,1.0,18
78.64909011883175,1.855,9633.859603359348,651.5716283915183,1,DQN,1.0,19
-160.65517432968585,1.735,13589.581290936256,644.9265298761021,41,PPO,1.0,0
-75.11545789406968,1.72,13339.874790999533,642.6143137221088,24,PPO,1.0,1
-96.19820198639653,1.82,12057.190376995088,642.0325895866387,33,PPO,1.0,2
-59.350748293402475,1.865,12276.840017746359,664.7845622803865,24,PPO,1.0,3
-65.990491240061,1.72,13382.78698875871,642.290653961263,22,PPO,1.0,4
-178.43823243183007,1.955,13868.842506780591,694.0877660867202,45,PPO,1.0,5
-160.788666011033,1.915,14007.188510555394,671.3683024215508,43,PPO,1.0,6
-163.98715535142978,1.68,13948.213575255424,647.9468108498465,39,PPO,1.0,7
-114.63907206560354,1.72,12170.582088252038,637.4233693041367,34,PPO,1.0,8
-60.55792460241329,1.765,12649.063349986733,636.9953167537394,24,PPO,1.0,9
-101.29949857975888,1.71,12832.10949148447,638.9602624462781,30,PPO,1.0,10
-60.54200753015544,1.84,13577.299583321403,644.8673150453403,24,PPO,1.0,11
-150.86042832735274,1.78,13074.287493932354,653.622055045638,40,PPO,1.0,12
-82.21746083942617,1.825,15387.22739100946,653.5911447400537,25,PPO,1.0,13
-125.40155388412559,1.785,15023.235215780647,659.1432138841624,32,PPO,1.0,14
-161.76730115115723,1.755,13959.555165974914,669.5149552329615,38,PPO,1.0,15
-40.81348156588097,1.835,14362.77447817067,651.9552520452856,18,PPO,1.0,16
-166.91450223725184,1.57,13483.940987827658,627.7662844654286,39,PPO,1.0,17
-26.663939985351863,1.83,12361.99328132738,654.9879704460815,17,PPO,1.0,18
-79.3266608594442,1.73,12778.18097496683,647.7363625144649,25,PPO,1.0,19
50.98162606073651,2.45,9545.349152378983,733.869418537484,15,RoundRobin,1.5,0
42.58772774674697,2.35,10999.601974563522,709.6219906088078,15,RoundRobin,1.5,1
55.5215321370287,2.335,9264.209421901865,702.0898169973401,15,RoundRobin,1.5,2
21.194384708934614,2.13,10234.24469984373,694.8502206380049,15,RoundRobin,1.5,3
26.118837248390054,2.18,11385.323094321957,689.6038362785173,15,RoundRobin,1.5,4
43.99593839499263,2.395,9886.386423463016,730.0286145963437,15,RoundRobin,1.5,5
29.54461456053504,2.22,11161.890197900595,696.4760663780917,15,RoundRobin,1.5,6
16.883587274094825,2.32,13482.064704624328,720.8360367472384,15,RoundRobin,1.5,7
23.642688350439375,2.21,11502.746800431998,698.5112462704528,15,RoundRobin,1.5,8
57.29384765224737,2.21,10069.680729906604,663.4321019524693,15,RoundRobin,1.5,9
25.322981499308774,2.175,10645.32537521316,697.4575993741184,15,RoundRobin,1.5,10
21.341211192910613,2.185,10655.13458773141,704.591971921051,15,RoundRobin,1.5,11
47.910227927387446,2.415,9288.947688587961,732.0341289116269,15,RoundRobin,1.5,12
49.088155234904846,2.455,10245.021960829798,725.4125695001748,15,RoundRobin,1.5,13
43.61266846850681,2.37,9766.503930899653,722.9324619191423,15,RoundRobin,1.5,14
21.09444594219861,2.225,10643.118805547061,712.5702618367785,15,RoundRobin,1.5,15
43.51052771228777,2.35,10741.830750876114,706.8077316736828,15,RoundRobin,1.5,16
21.654323916897475,2.18,9791.541427783568,710.6446412746016,15,RoundRobin,1.5,17
0.2959136123590387,2.14,11860.372906839377,715.3127734199068,15,RoundRobin,1.5,18
23.956170686237286,2.21,10430.320005838457,707.6928639180977,15,RoundRobin,1.5,19
139.80699037721766,2.53,7531.284439379341,750.0079544797596,0,SJF,1.5,0
142.22208651390548,2.485,9131.162115896288,721.9864111860753,0,SJF,1.5,1
136.93995499014125,2.42,6787.043304024407,723.5066777785681,1,SJF,1.5,2
115.75556352197474,2.205,7491.6233729078485,692.6920443608672,2,SJF,1.5,3
124.3094315495466,2.28,9024.416126870352,701.0661075338468,0,SJF,1.5,4
115.56003066097522,2.49,8613.614115891447,750.3874269655145,2,SJF,1.5,5
115.90608089424451,2.305,9333.171461068174,718.3923355090201,0,SJF,1.5,6
109.5587716397635,2.415,11737.053731922462,731.2783589530528,0,SJF,1.5,7
125.94342061804126,2.32,8821.75966592558,704.1890320796084,0,SJF,1.5,8
133.22653274451034,2.295,8708.31329684807,680.5353812116014,2,SJF,1.5,9
118.34492383131114,2.31,8831.682770146184,710.4974693217175,1,SJF,1.5,10
102.13287896452101,2.27,9170.642658393948,716.7648976276728,2,SJF,1.5,11
138.02933170205333,2.455,8192.630711474043,724.2223260436538,1,SJF,1.5,12
146.59199622369522,2.545,8939.167188750844,723.4095009656993,1,SJF,1.5,13
134.1824216298677,2.465,7953.436308226503,733.39544078116,1,SJF,1.5,14
117.62631884682457,2.305,8353.922591938199,723.3752184023198,0,SJF,1.5,15
141.938757409158,2.44,8031.958732467402,721.0542352940563,0,SJF,1.5,16
119.43053253590136,2.27,8267.69954072885,712.6949053295883,0,SJF,1.5,17
107.75066416915593,2.285,8736.652949796822,728.4941271980942,0,SJF,1.5,18
114.27808425216219,2.315,8250.225229230378,716.8308465586836,2,SJF,1.5,19
139.80699037721766,2.53,7531.284439379341,750.0079544797596,0,GreedyMinMin,1.5,0
142.22208651390548,2.485,9131.162115896288,721.9864111860753,0,GreedyMinMin,1.5,1
136.93995499014125,2.42,6787.043304024407,723.5066777785681,1,GreedyMinMin,1.5,2
115.75556352197474,2.205,7491.6233729078485,692.6920443608672,2,GreedyMinMin,1.5,3
124.3094315495466,2.28,9024.416126870352,701.0661075338468,0,GreedyMinMin,1.5,4
115.56003066097522,2.49,8613.614115891447,750.3874269655145,2,GreedyMinMin,1.5,5
115.90608089424451,2.305,9333.171461068174,718.3923355090201,0,GreedyMinMin,1.5,6
109.5587716397635,2.415,11737.053731922462,731.2783589530528,0,GreedyMinMin,1.5,7
125.94342061804126,2.32,8821.75966592558,704.1890320796084,0,GreedyMinMin,1.5,8
133.22653274451034,2.295,8708.31329684807,680.5353812116014,2,GreedyMinMin,1.5,9
118.34492383131114,2.31,8831.682770146184,710.4974693217175,1,GreedyMinMin,1.5,10
102.13287896452101,2.27,9170.642658393948,716.7648976276728,2,GreedyMinMin,1.5,11
138.02933170205333,2.455,8192.630711474043,724.2223260436538,1,GreedyMinMin,1.5,12
146.59199622369522,2.545,8939.167188750844,723.4095009656993,1,GreedyMinMin,1.5,13
134.1824216298677,2.465,7953.436308226503,733.39544078116,1,GreedyMinMin,1.5,14
117.62631884682457,2.305,8353.922591938199,723.3752184023198,0,GreedyMinMin,1.5,15
141.938757409158,2.44,8031.958732467402,721.0542352940563,0,GreedyMinMin,1.5,16
119.43053253590136,2.27,8267.69954072885,712.6949053295883,0,GreedyMinMin,1.5,17
107.75066416915593,2.285,8736.652949796822,728.4941271980942,0,GreedyMinMin,1.5,18
114.27808425216219,2.315,8250.225229230378,716.8308465586836,2,GreedyMinMin,1.5,19
37.416261156406925,2.44,10141.528302512179,731.35185354278,17,Random,1.5,0
46.83554507331592,2.34,10338.140728667653,711.7034158320172,14,Random,1.5,1
66.26007226447956,2.35,8871.266025414317,718.2684973745515,12,Random,1.5,2
25.44620040233147,2.135,10019.160834620214,695.4082518849208,14,Random,1.5,3
15.430812417554275,2.165,10873.6914593106,690.2405582398732,17,Random,1.5,4
21.054907118953633,2.4,10062.254694376521,736.6073470721807,18,Random,1.5,5
19.447028730179593,2.24,11317.173644646695,692.7248941029105,18,Random,1.5,6
18.93329726740235,2.295,13909.834923266622,713.911539789497,14,Random,1.5,7
0.2576152391553082,2.215,12443.167278074785,698.8750716385941,19,Random,1.5,8
70.69659997820538,2.205,9547.921729650989,668.0238044658323,12,Random,1.5,9
1.1522807481231983,2.17,11035.519046348312,682.7019074606803,21,Random,1.5,10
21.799679522962354,2.2,11750.186536297166,707.798801888882,13,Random,1.5,11
34.045532284811124,2.39,10651.917807748025,728.064441303051,16,Random,1.5,12
13.723137945835429,2.38,11533.341204045988,711.8652222448328,20,Random,1.5,13
35.72989092673614,2.34,11379.670847359372,715.2381259836615,15,Random,1.5,14
-30.388785680745144,2.175,11143.953342021865,712.787598442921,23,Random,1.5,15
79.75382993416746,2.375,9924.724825397418,713.5467316701721,9,Random,1.5,16
-8.798272795895269,2.15,11124.034924234496,680.5810948757331,22,Random,1.5,17
7.07513928540153,2.175,12143.139687010156,713.8490338888063,14,Random,1.5,18
46.126417240700476,2.23,10922.726941996725,706.2558316609784,11,Random,1.5,19
109.79368314463505,2.4,9676.532280686166,725.7206847568721,3,DQN,1.5,0
117.48550125929886,2.375,9294.893368976207,705.1177077902659,3,DQN,1.5,1
131.76379483437114,2.335,7769.085285150026,701.182540182093,2,DQN,1.5,2
123.09802483560826,2.16,7735.278420239578,674.4854569644313,1,DQN,1.5,3
116.62796533248567,2.21,8950.003894465006,689.5080169510863,1,DQN,1.5,4
96.93426361537162,2.375,9327.613493621064,731.9000831343529,4,DQN,1.5,5
119.21458385848241,2.285,8959.45415313663,703.0430368340471,1,DQN,1.5,6
106.40313637579706,2.37,11963.831734814043,723.970809822978,0,DQN,1.5,7
100.56516315418374,2.29,10415.104583364107,705.4163140184475,3,DQN,1.5,8
104.19750694684141,2.19,10060.235199930328,663.1616227803648,5,DQN,1.5,9
91.02519452761942,2.18,9785.3914824998,687.8936848660722,4,DQN,1.5,10
84.95263238283832,2.13,10007.550461952336,697.5030972681714,2,DQN,1.5,11
106.47084117141239,2.41,9510.518163609735,724.699074770394,4,DQN,1.5,12
115.05250965269059,2.465,10435.831240681851,720.9987543548275,3,DQN,1.5,13
115.06301696425164,2.355,8970.638984671099,716.6697236915828,2,DQN,1.5,14
99.8908853064254,2.22,9413.434875765268,701.6927581584744,2,DQN,1.5,15
111.4512453547543,2.375,9899.155903198793,707.4807288390797,3,DQN,1.5,16
96.10872861780449,2.175,8882.327297201975,700.8959613984754,2,DQN,1.5,17
88.8605047952422,2.215,9603.121556735821,714.031148796514,2,DQN,1.5,18
115.01726020719045,2.24,9615.578188573058,698.4339059920563,0,DQN,1.5,19
-136.63634687789101,2.21,12553.242263097189,714.4753399489617,44,PPO,1.5,0
-154.98729930589198,2.085,15629.540655461591,683.0650830596837,43,PPO,1.5,1
-62.04104976982022,2.17,11274.948347729298,686.5870395251666,33,PPO,1.5,2
-22.66404218399843,2.015,14393.785728482291,671.9519917196567,18,PPO,1.5,3
-39.97669546292478,2.085,13876.751262545642,668.8242818314764,25,PPO,1.5,4
-163.55980081829958,2.145,15835.02604798447,711.5744667955893,43,PPO,1.5,5
-38.49530330962181,2.105,15031.98860164622,679.9550575496166,22,PPO,1.5,6
-73.03434252117856,2.13,15772.875818955132,690.0956314111717,28,PPO,1.5,7
-113.38480763593388,2.05,15623.747031808367,679.4634881676257,35,PPO,1.5,8
-44.26894616568868,2.05,13415.723745712077,646.9119055371242,28,PPO,1.5,9
1.4677952460781323,2.125,12367.147222201429,667.7439821310697,20,PPO,1.5,10
-94.31053220606758,2.08,12582.553466176167,689.472817113516,34,PPO,1.5,11
-139.02013071877374,2.13,16612.60095936631,699.0167874438641,39,PPO,1.5,12
-45.968701419758055,2.26,16202.334724359103,690.6320396104052,26,PPO,1.5,13
-67.2157330246231,2.195,13692.222394962078,693.8435979822757,31,PPO,1.5,14
-95.71894572338445,2.05,14403.091979038763,698.9505907737276,30,PPO,1.5,15
-91.53245208110488,2.16,15297.291346164178,683.3730560061798,34,PPO,1.5,16
-81.69653314296056,1.98,13573.883515812824,677.8798480721255,29,PPO,1.5,17
-104.31680217439974,1.93,17236.386233802714,680.0977271573747,27,PPO,1.5,18
-133.77289088414074,2.01,15856.232468158652,681.7032441127834,37,PPO,1.5,19
66.35353757031028,2.855,11479.293187700387,782.1560549552311,15,RoundRobin,2.0,0
91.78767330222158,2.89,11956.457289587983,763.4603744403761,15,RoundRobin,2.0,1
43.52116631996804,2.625,11576.20786207261,765.5323797613948,15,RoundRobin,2.0,2
82.28251876011335,2.77,11360.638538514871,746.8304750131963,15,RoundRobin,2.0,3
46.60305235507622,2.53,11378.138771089354,742.692172527581,15,RoundRobin,2.0,4
34.26950141410645,2.695,14220.59482121548,774.3603944879013,15,RoundRobin,2.0,5
63.859149189795495,2.75,10446.93994975472,778.938816667514,15,RoundRobin,2.0,6
67.53455480484197,2.795,12395.451830089738,763.3891013219301,15,RoundRobin,2.0,7
80.74277014299547,2.71,11426.506800115076,734.7972835844713,15,RoundRobin,2.0,8
64.83866273292583,2.67,12097.748556803544,745.1122688893796,15,RoundRobin,2.0,9
57.855909277848475,2.65,12397.18713114084,742.8914519029598,15,RoundRobin,2.0,10
62.14028365644036,2.625,11424.245693981205,743.9713632695087,15,RoundRobin,2.0,11
59.82622075074079,2.675,11166.545435314265,759.7617599560607,15,RoundRobin,2.0,12
66.06517997948785,2.875,13137.788331985239,780.1621350429014,15,RoundRobin,2.0,13
42.90945996572588,2.69,10303.053550230827,800.4083280993332,15,RoundRobin,2.0,14
51.50197278360923,2.715,11115.875332254152,785.2041628342986,15,RoundRobin,2.0,15
74.087833881666,2.7,10171.810694870233,756.0719529236687,15,RoundRobin,2.0,16
82.19233762406766,2.905,11678.714852457786,780.3530598917786,15,RoundRobin,2.0,17
62.55315002873398,2.725,11394.251600598469,763.6220105515132,15,RoundRobin,2.0,18
54.88236317256611,2.705,10880.276740765239,779.753964574264,15,RoundRobin,2.0,19
151.8661582946986,2.985,11211.007281777529,793.8016970219543,1,SJF,2.0,0
179.60010597039073,2.98,10032.674763313393,781.5557681745934,0,SJF,2.0,1
145.41270688364594,2.77,9769.451148570377,782.705879337398,0,SJF,2.0,2
160.08103949950097,2.86,9927.407684404252,760.5317715911106,2,SJF,2.0,3
141.46779967682855,2.61,9038.943197035005,756.4478117114419,0,SJF,2.0,4
119.2770356441729,2.79,12257.123772410989,797.0203325820422,0,SJF,2.0,5
148.53388286385976,2.84,9297.989718032219,789.7672682419204,1,SJF,2.0,6
167.33040558886412,2.915,10731.59746976438,777.4200143888244,0,SJF,2.0,7
178.01059466584954,2.83,8849.149139404162,747.0917657465885,0,SJF,2.0,8
162.3842022658757,2.835,9148.918818980594,764.0834272303609,1,SJF,2.0,9
141.65046442476898,2.765,11923.581217821757,756.4620724024503,1,SJF,2.0,10
152.67485442245825,2.745,9994.48308999254,757.2873705563794,0,SJF,2.0,11
158.31564415454403,2.795,8603.899350043474,776.3414396177932,0,SJF,2.0,12
162.96791360942896,2.97,11311.017385563056,782.4989731157896,0,SJF,2.0,13
127.01016892967998,2.775,9260.265815598623,809.8923542650924,1,SJF,2.0,14
118.43532973429038,2.805,10145.218384974118,803.5400399337974,3,SJF,2.0,15
152.48459338215864,2.785,8815.48909731153,783.1837080509582,0,SJF,2.0,16
158.029371707368,2.995,10102.132155209703,804.5367530420605,1,SJF,2.0,17
151.01669655708076,2.815,10457.936881965321,776.8535232266912,0,SJF,2.0,18
146.97014575069647,2.805,9362.023372866475,794.0365710181562,0,SJF,2.0,19
151.8661582946986,2.985,11211.007281777529,793.8016970219543,1,GreedyMinMin,2.0,0
179.60010597039073,2.98,10032.674763313393,781.5557681745934,0,GreedyMinMin,2.0,1
145.41270688364594,2.77,9769.451148570377,782.705879337398,0,GreedyMinMin,2.0,2
160.08103949950097,2.86,9927.407684404252,760.5317715911106,2,GreedyMinMin,2.0,3
141.46779967682855,2.61,9038.943197035005,756.4478117114419,0,GreedyMinMin,2.0,4
119.2770356441729,2.79,12257.123772410989,797.0203325820422,0,GreedyMinMin,2.0,5
148.53388286385976,2.84,9297.989718032219,789.7672682419204,1,GreedyMinMin,2.0,6
167.33040558886412,2.915,10731.59746976438,777.4200143888244,0,GreedyMinMin,2.0,7
178.01059466584954,2.83,8849.149139404162,747.0917657465885,0,GreedyMinMin,2.0,8
162.3842022658757,2.835,9148.918818980594,764.0834272303609,1,GreedyMinMin,2.0,9
141.65046442476898,2.765,11923.581217821757,756.4620724024503,1,GreedyMinMin,2.0,10
152.67485442245825,2.745,9994.48308999254,757.2873705563794,0,GreedyMinMin,2.0,11
158.31564415454403,2.795,8603.899350043474,776.3414396177932,0,GreedyMinMin,2.0,12
162.96791360942896,2.97,11311.017385563056,782.4989731157896,0,GreedyMinMin,2.0,13
127.01016892967998,2.775,9260.265815598623,809.8923542650924,1,GreedyMinMin,2.0,14
118.43532973429038,2.805,10145.218384974118,803.5400399337974,3,GreedyMinMin,2.0,15
152.48459338215864,2.785,8815.48909731153,783.1837080509582,0,GreedyMinMin,2.0,16
158.029371707368,2.995,10102.132155209703,804.5367530420605,1,GreedyMinMin,2.0,17
151.01669655708076,2.815,10457.936881965321,776.8535232266912,0,GreedyMinMin,2.0,18
146.97014575069647,2.805,9362.023372866475,794.0365710181562,0,GreedyMinMin,2.0,19
51.81957555411996,2.81,12403.505964737777,778.1390829861801,17,Random,2.0,0
95.07676935120656,2.87,11743.280213021028,759.1953240560008,14,Random,2.0,1
62.15507571717815,2.64,11592.440512762614,768.6854218093696,12,Random,2.0,2
82.18908400308162,2.755,11717.761033608318,750.0065246929029,14,Random,2.0,3
34.62049123374558,2.51,11277.525243991215,742.821535953461,17,Random,2.0,4
18.451770845385333,2.675,13779.930338822745,778.3029706825167,18,Random,2.0,5
46.03704696727041,2.725,11460.23568107942,774.0523084193794,18,Random,2.0,6
76.29785681288652,2.785,12842.78484864038,758.7181511429067,14,Random,2.0,7
39.432682978802376,2.705,13544.56057673169,747.699930341211,19,Random,2.0,8
96.13918844130714,2.705,11475.653365723258,735.0103370465296,12,Random,2.0,9
25.392477580038566,2.625,13474.877213145945,739.3873887116283,21,Random,2.0,10
62.70756280541859,2.64,12568.39089903661,750.3231377005421,13,Random,2.0,11
51.11369296215927,2.66,11342.27445863427,754.9989904290525,16,Random,2.0,12
28.804810011954615,2.795,14042.750242799739,770.4080327968704,20,Random,2.0,13
24.96646690537176,2.65,12347.89532720635,792.6692416970853,15,Random,2.0,14
-0.6955083237510875,2.685,12133.246331908767,786.8440454984475,23,Random,2.0,15
94.53211156157113,2.745,11046.437699039034,772.5338933662922,9,Random,2.0,16
48.294347688779574,2.92,12267.532489960351,770.9006860571876,22,Random,2.0,17
63.9133216912662,2.72,11942.136174560228,762.9007918920586,14,Random,2.0,18
72.78153219903085,2.705,10591.039366461535,784.2583474032997,11,Random,2.0,19
146.58290634123804,2.805,10877.617708151194,770.9770811147821,1,DQN,2.0,0
167.42673574691372,2.82,11232.18835507708,749.0202011839355,0,DQN,2.0,1
135.02069841031678,2.665,11051.408399142143,756.7562767922452,0,DQN,2.0,2
171.93033813307596,2.81,9488.85935149196,755.454758636958,0,DQN,2.0,3
120.56851046127045,2.48,10563.249797341257,740.3279861320228,0,DQN,2.0,4
125.55168864286634,2.75,12399.691267854052,785.075245625014,0,DQN,2.0,5
136.66525927716134,2.78,9582.978683031644,777.5053029369733,2,DQN,2.0,6
156.89800501057516,2.85,11579.062331184356,762.9414315034784,0,DQN,2.0,7
149.8434107463997,2.715,11702.31500100863,734.9140488713227,0,DQN,2.0,8
132.29976433699872,2.62,10262.773839160918,734.1853889420536,3,DQN,2.0,9
119.60068487204035,2.675,12647.428366460397,738.0221173937962,4,DQN,2.0,10
134.19700321627053,2.68,11110.44286521544,744.9605093886547,2,DQN,2.0,11
136.92842227520742,2.655,10748.535292733484,746.620548952587,1,DQN,2.0,12
136.0333310306676,2.815,12136.572069349717,771.720854829851,2,DQN,2.0,13
111.69198127067112,2.665,10701.813777724263,786.1457040944749,2,DQN,2.0,14
121.2827546406738,2.7,10640.943247768228,772.3073788090754,3,DQN,2.0,15
136.81161741367086,2.715,9702.727665309705,754.9580248917063,3,DQN,2.0,16
142.95830302064812,2.885,11674.377148073696,784.2431511363643,1,DQN,2.0,17
130.51880623041058,2.7,13009.537973756735,759.6359488905737,0,DQN,2.0,18
124.81988236800592,2.65,11380.63526538689,765.3444590595094,0,DQN,2.0,19
-136.11103823015577,2.47,23157.237064980807,724.5014237604059,38,PPO,2.0,0
-115.68683527325003,2.6,20766.8822585267,749.1283125831345,38,PPO,2.0,1
-216.88199329774372,2.36,16219.243318658424,734.3498000786896,57,PPO,2.0,2
-182.95131756581856,2.39,21287.7650588645,727.8370908189472,47,PPO,2.0,3
-157.52911320131605,2.27,15915.33555891888,714.3056497717042,46,PPO,2.0,4
-164.4287759341023,2.36,20571.460332541672,732.7500209082784,42,PPO,2.0,5
-102.50663254781492,2.565,16365.648089949891,748.9691160121732,39,PPO,2.0,6
-100.04199910601123,2.46,21215.78241756301,712.8709569009501,34,PPO,2.0,7
-168.26388030631963,2.395,19954.90143465469,715.3017075475873,47,PPO,2.0,8
-73.1839012371346,2.445,19782.153838450824,705.4864673096444,31,PPO,2.0,9
-168.71047359346062,2.36,15690.091661752615,714.3548854344174,51,PPO,2.0,10
-49.87411911671402,2.445,14985.54567647837,716.191267586766,31,PPO,2.0,11
-133.59484664067458,2.395,16751.763946641207,729.6263944412408,42,PPO,2.0,12
-132.2568533188381,2.52,21860.747672838344,727.8885509227116,39,PPO,2.0,13
-177.62106081574524,2.4,20185.577940655712,761.0113897577169,43,PPO,2.0,14
-151.6292353467318,2.48,19022.635470967823,752.4901337813874,42,PPO,2.0,15
-117.77055623117528,2.49,17222.5089089838,747.9032541659085,39,PPO,2.0,16
-86.93329881045743,2.67,16016.07398253627,736.2552823728599,42,PPO,2.0,17
-79.49413791082124,2.485,16222.286338309561,728.2406298214461,35,PPO,2.0,18
-104.58411896225353,2.42,18236.355301348278,741.4989807312456,34,PPO,2.0,19
107.29388472595595,3.365,13266.160268610867,830.9137304935673,15,RoundRobin,3.0,0
61.303666084727745,3.22,16362.649685074957,834.530653707234,15,RoundRobin,3.0,1
96.35370490345306,3.375,14630.999132825445,835.0404504493915,15,RoundRobin,3.0,2
99.59671823397582,3.335,13354.940000432542,826.6604626451434,15,RoundRobin,3.0,3
86.52040532303101,3.15,13102.150487921004,818.5500376241648,15,RoundRobin,3.0,4
65.81284146651693,3.16,14639.867763879798,837.021927925307,15,RoundRobin,3.0,5
115.55803828226006,3.44,12216.04152478065,841.7185688535842,15,RoundRobin,3.0,6
128.45220080508912,3.425,12676.213241608739,826.985779617888,15,RoundRobin,3.0,7
90.52758193487959,3.34,15611.070615337678,833.7089915596414,15,RoundRobin,3.0,8
88.85506490105645,3.265,14437.748777088704,829.2776636546166,15,RoundRobin,3.0,9
86.6343414615523,3.205,12819.434804722057,827.1735745651728,15,RoundRobin,3.0,10
104.77764176105445,3.52,15355.214611457866,848.3866058552968,15,RoundRobin,3.0,11
70.40293544994233,3.22,14908.65133890182,835.2177347749696,15,RoundRobin,3.0,12
71.94182897214415,3.22,14066.574828390081,840.4880830862733,15,RoundRobin,3.0,13
84.06824140047168,3.31,15192.643863835412,837.1638431247735,15,RoundRobin,3.0,14
85.03437940189335,3.26,13594.397334929563,843.848854882794,15,RoundRobin,3.0,15
78.97801321410525,3.25,14587.572461318527,835.244828026976,15,RoundRobin,3.0,16
106.45828679312334,3.285,12802.814036648582,816.3372434804779,15,RoundRobin,3.0,17
80.56448439912748,3.315,15756.093784568882,838.598429340189,15,RoundRobin,3.0,18
64.37430105006275,3.355,17306.877485630004,855.176651054236,15,RoundRobin,3.0,19
169.2275669765789,3.34,12619.757314308312,837.5808337063571,1,SJF,3.0,0
165.60263731993686,3.3,12850.956774087723,837.1874330533053,0,SJF,3.0,1
177.87137085729807,3.39,13812.046207715286,838.8845278446154,0,SJF,3.0,2
189.92233478282216,3.38,11220.865357869341,836.6287096049425,1,SJF,3.0,3
165.14742857459143,3.17,11989.226740008999,826.8758164780317,0,SJF,3.0,4
158.44614879216826,3.175,13965.859583606747,826.6380405592872,0,SJF,3.0,5
210.63259340533347,3.475,11313.288749461022,839.7315111468503,0,SJF,3.0,6
210.39852458607112,3.515,11105.648625941541,833.2013754874197,1,SJF,3.0,7
179.83572988495766,3.4,13205.273846420607,838.8989405547779,0,SJF,3.0,8
182.11973135682652,3.3,12803.08580800985,831.5926306926714,0,SJF,3.0,9
177.9439200507285,3.25,10744.979328489735,831.3793059674994,0,SJF,3.0,10
188.20157539039886,3.54,14121.273752345098,850.6061731432958,0,SJF,3.0,11
159.36706263070056,3.265,13249.41808711017,845.4546432699568,0,SJF,3.0,12
148.51287245472997,3.24,12967.115610659683,839.276650821968,3,SJF,3.0,13
180.49452073730225,3.41,13276.574173028497,847.2690513367899,0,SJF,3.0,14
162.8599388942856,3.315,13241.095012642827,846.5402365447865,0,SJF,3.0,15
168.2622294754278,3.28,13795.444719822863,832.1976533084529,0,SJF,3.0,16
182.61551478225658,3.355,11514.150191778925,818.6993761006045,3,SJF,3.0,17
163.92744644687622,3.365,13337.064093000661,845.3252534926796,0,SJF,3.0,18
152.00541106903873,3.385,15431.028580149487,863.1126261750962,0,SJF,3.0,19
169.2275669765789,3.34,12619.757314308312,837.5808337063571,1,GreedyMinMin,3.0,0
165.60263731993686,3.3,12850.956774087723,837.1874330533053,0,GreedyMinMin,3.0,1
177.87137085729807,3.39,13812.046207715286,838.8845278446154,0,GreedyMinMin,3.0,2
189.92233478282216,3.38,11220.865357869341,836.6287096049425,1,GreedyMinMin,3.0,3
165.14742857459143,3.17,11989.226740008999,826.8758164780317,0,GreedyMinMin,3.0,4
158.44614879216826,3.175,13965.859583606747,826.6380405592872,0,GreedyMinMin,3.0,5
210.63259340533347,3.475,11313.288749461022,839.7315111468503,0,GreedyMinMin,3.0,6
210.39852458607112,3.515,11105.648625941541,833.2013754874197,1,GreedyMinMin,3.0,7
179.83572988495766,3.4,13205.273846420607,838.8989405547779,0,GreedyMinMin,3.0,8
182.11973135682652,3.3,12803.08580800985,831.5926306926714,0,GreedyMinMin,3.0,9
177.9439200507285,3.25,10744.979328489735,831.3793059674994,0,GreedyMinMin,3.0,10
188.20157539039886,3.54,14121.273752345098,850.6061731432958,0,GreedyMinMin,3.0,11
159.36706263070056,3.265,13249.41808711017,845.4546432699568,0,GreedyMinMin,3.0,12
148.51287245472997,3.24,12967.115610659683,839.276650821968,3,GreedyMinMin,3.0,13
180.49452073730225,3.41,13276.574173028497,847.2690513367899,0,GreedyMinMin,3.0,14
162.8599388942856,3.315,13241.095012642827,846.5402365447865,0,GreedyMinMin,3.0,15
168.2622294754278,3.28,13795.444719822863,832.1976533084529,0,GreedyMinMin,3.0,16
182.61551478225658,3.355,11514.150191778925,818.6993761006045,3,GreedyMinMin,3.0,17
163.92744644687622,3.365,13337.064093000661,845.3252534926796,0,GreedyMinMin,3.0,18
152.00541106903873,3.385,15431.028580149487,863.1126261750962,0,GreedyMinMin,3.0,19
92.23133394546365,3.33,13778.949853593873,825.1424503994602,17,Random,3.0,0
62.85219212596298,3.215,16618.18918310827,832.4080091630808,14,Random,3.0,1
107.27240335131185,3.375,14702.827587459904,839.2659466858928,12,Random,3.0,2
115.55433533333198,3.315,12316.612447395586,820.8189849734414,14,Random,3.0,3
72.92416972543906,3.17,13008.501942666166,819.7872279278457,17,Random,3.0,4
55.93654959049429,3.18,14643.894484478038,835.5501252539566,18,Random,3.0,5
98.9093112382383,3.42,12878.381982551638,840.7305952996779,18,Random,3.0,6
123.27637616541958,3.37,12822.7974743723,822.1802584825199,14,Random,3.0,7
46.22183092800685,3.295,17047.685546914243,832.2380836857618,19,Random,3.0,8
98.51324226061159,3.24,14101.225064534525,826.5691110282721,12,Random,3.0,9
56.3480432468109,3.2,12717.040128071509,827.2745739771406,21,Random,3.0,10
112.17001764973843,3.505,16210.59673385348,845.8496029207115,13,Random,3.0,11
65.52520400461016,3.25,14468.304981838714,842.7474491565365,16,Random,3.0,12
47.55739387039725,3.275,14393.761975755398,840.3700514126056,20,Random,3.0,13
84.46650543303707,3.275,16486.37834588165,826.1728367375093,15,Random,3.0,14
35.46879046955576,3.25,14848.33737552196,843.1617779159682,23,Random,3.0,15
106.80168604650346,3.255,14916.803250240475,831.7962416780804,9,Random,3.0,16
75.84392024385069,3.305,12809.069166208974,817.2024971383433,22,Random,3.0,17
81.8423793578781,3.325,15786.562164319927,836.407371484303,14,Random,3.0,18
80.06918795671704,3.335,17140.81414558684,854.3788907546434,11,Random,3.0,19
153.50700212233863,3.255,17051.901495928076,817.5223833531386,0,DQN,3.0,0
139.09531016898626,3.14,15531.464975569595,821.5738499663937,0,DQN,3.0,1
135.51248593980853,3.215,17867.638843277782,825.9225215007878,0,DQN,3.0,2
157.23102125988507,3.24,14819.09970197046,794.531570792438,4,DQN,3.0,3
145.4479663903077,3.065,14523.561550953744,798.6159964559552,1,DQN,3.0,4
121.05574832502487,3.1,17150.829415218228,817.8089127754986,1,DQN,3.0,5
154.88403859270338,3.305,16489.630095364642,828.0172712526635,0,DQN,3.0,6
163.33030053098034,3.285,15050.210841242562,804.5526516323471,2,DQN,3.0,7
153.50471796960753,3.25,15281.340789491871,814.7108559401619,0,DQN,3.0,8
154.84682084147605,3.18,16489.98561687007,808.0698981859559,0,DQN,3.0,9
160.86030533059525,3.175,13398.354292648246,819.3743533702728,0,DQN,3.0,10
142.4390892282543,3.37,19809.211113970607,826.8084661318827,0,DQN,3.0,11
154.20359154095132,3.285,14948.747373405356,834.1558863279248,1,DQN,3.0,12
117.96840595305086,3.13,17133.154298868758,827.5990023806055,1,DQN,3.0,13
161.62567479950914,3.315,15945.891565759131,829.0484637089041,0,DQN,3.0,14
123.38590842926453,3.2,17359.421699126888,833.6863420639609,0,DQN,3.0,15
122.17187511793628,3.15,16997.926986888706,822.5108444410969,1,DQN,3.0,16
171.33811641332224,3.21,14539.661123991082,799.635875264097,1,DQN,3.0,17
143.11699218583396,3.205,17751.940378045616,811.8070483188388,0,DQN,3.0,18
111.19118861910822,3.19,19706.659346867862,843.3532829495267,0,DQN,3.0,19
-94.92283860478733,3.15,21693.075086788787,809.646582126082,42,PPO,3.0,0
-201.9946170390222,2.785,27783.474390405725,781.6906560448815,48,PPO,3.0,1
-109.69587467253822,3.11,21347.73878266726,814.9141629648017,43,PPO,3.0,2
-166.61999193117688,2.985,22672.15841780441,792.1305621365252,51,PPO,3.0,3
-152.73505524016625,2.87,22084.960293299835,785.337940220551,47,PPO,3.0,4
-218.87856451273433,2.96,20917.25748153533,817.5625294352834,60,PPO,3.0,5
-150.44538699592297,3.135,23333.629345440426,804.4154163849201,52,PPO,3.0,6
-169.14078842740224,3.13,21305.12094684361,803.2150941195109,57,PPO,3.0,7
-168.20051040562123,2.975,26833.352160049264,789.5505961679883,47,PPO,3.0,8
-144.85414515257563,2.97,23470.327739797976,779.7982680706816,49,PPO,3.0,9
-156.2252672575851,2.93,21512.043477982766,786.9795095845328,50,PPO,3.0,10
-141.12325036415896,3.255,27575.210020893315,829.7579853581989,44,PPO,3.0,11
-220.43239588475052,3.035,25665.296637448246,812.1609240900916,56,PPO,3.0,12
-48.88787470100964,3.045,22068.941742304956,793.4613363707699,31,PPO,3.0,13
-208.64494660714578,3.04,25129.47193554965,798.052172490772,58,PPO,3.0,14
-179.47130288713427,3.17,22249.2993988754,830.2132597408229,56,PPO,3.0,15
-151.40194857451024,3.0,23802.78195111512,792.8778853017297,48,PPO,3.0,16
-211.31226537204793,2.925,25600.59829138515,775.3130134356054,58,PPO,3.0,17
-195.6040409858318,2.98,26518.517770340204,793.4894015456862,53,PPO,3.0,18
-192.96598235642094,3.03,26254.832508638247,819.4054809568868,51,PPO,3.0,19
