episode_reward,avg_throughput,avg_latency,avg_energy,policy,arrival_rate,episode
64.45642326105275,0.98,3555.9285714285706,516.3120079655635,RoundRobin,0.0,0
65.39404242488008,0.975,3442.488095238094,514.6765435055365,RoundRobin,0.0,1
67.63804948649516,0.975,3578.0357142857147,510.0906043416858,RoundRobin,0.0,2
63.88144898755991,0.98,3564.2976190476184,517.0991479472316,RoundRobin,0.0,3
63.217455624884735,0.975,3556.940476190476,516.9113522769585,RoundRobin,0.0,4
64.03421191692883,0.965,3497.5714285714284,513.720539267464,RoundRobin,0.0,5
57.65168073842959,0.975,3489.797619047617,525.8643003209271,RoundRobin,0.0,6
56.594219267421714,0.97,3591.9226190476197,524.0313675274388,RoundRobin,0.0,7
69.19502850204991,0.98,3411.0178571428555,510.50829653263935,RoundRobin,0.0,8
66.71022538248336,0.97,3424.309523809523,511.61587621198925,RoundRobin,0.0,9
65.65239188989868,0.97,3509.2857142857147,512.4378407365803,RoundRobin,0.0,10
61.788984821488626,0.97,3623.2619047619037,517.2071656249099,RoundRobin,0.0,11
68.33086368938206,0.975,3440.815476190477,510.2863651802127,RoundRobin,0.0,12
59.95091352336922,0.965,3572.8928571428573,519.1675940006601,RoundRobin,0.0,13
57.935633806992655,0.97,3644.119047619047,522.7994778609395,RoundRobin,0.0,14
63.2857190276919,0.98,3534.5238095238087,518.260707172748,RoundRobin,0.0,15
54.52166238111787,0.98,3658.315476190477,530.2926671426089,RoundRobin,0.0,16
71.54427564668363,0.98,3266.3690476190477,508.28626510140305,RoundRobin,0.0,17
65.30462414852889,0.975,3577.392857142858,513.5965280629207,RoundRobin,0.0,18
57.7572327765534,0.98,3573.452380952383,526.2030794065984,RoundRobin,0.0,19
64.45642326105272,0.98,3555.9285714285706,516.3120079655635,SJF,0.0,0
65.39404242488008,0.975,3442.488095238094,514.6765435055365,SJF,0.0,1
67.63804948649515,0.975,3578.0357142857147,510.0906043416858,SJF,0.0,2
63.88144898755992,0.98,3564.2976190476184,517.0991479472316,SJF,0.0,3
63.217455624884735,0.975,3556.940476190476,516.9113522769585,SJF,0.0,4
64.03421191692881,0.965,3497.5714285714284,513.720539267464,SJF,0.0,5
57.65168073842958,0.975,3489.797619047617,525.8643003209272,SJF,0.0,6
56.59421926742174,0.97,3591.9226190476197,524.0313675274388,SJF,0.0,7
69.19502850204992,0.98,3411.0178571428555,510.5082965326394,SJF,0.0,8
66.71022538248337,0.97,3424.309523809523,511.61587621198925,SJF,0.0,9
65.65239188989868,0.97,3509.2857142857147,512.4378407365804,SJF,0.0,10
61.78898482148864,0.97,3623.2619047619037,517.2071656249099,SJF,0.0,11
68.33086368938206,0.975,3440.815476190477,510.2863651802127,SJF,0.0,12
59.95091352336925,0.965,3572.8928571428573,519.1675940006601,SJF,0.0,13
57.93563380699266,0.97,3644.119047619047,522.7994778609395,SJF,0.0,14
63.28571902769189,0.98,3534.5238095238087,518.260707172748,SJF,0.0,15
54.52166238111787,0.98,3658.315476190477,530.2926671426089,SJF,0.0,16
71.54427564668363,0.98,3266.3690476190477,508.286265101403,SJF,0.0,17
65.30462414852889,0.975,3577.392857142858,513.5965280629207,SJF,0.0,18
57.757232776553415,0.98,3573.452380952383,526.2030794065984,SJF,0.0,19
64.45642326105272,0.98,3555.9285714285706,516.3120079655635,GreedyMinMin,0.0,0
65.39404242488008,0.975,3442.488095238094,514.6765435055365,GreedyMinMin,0.0,1
67.63804948649515,0.975,3578.0357142857147,510.0906043416858,GreedyMinMin,0.0,2
63.88144898755992,0.98,3564.2976190476184,517.0991479472316,GreedyMinMin,0.0,3
63.217455624884735,0.975,3556.940476190476,516.9113522769585,GreedyMinMin,0.0,4
64.03421191692881,0.965,3497.5714285714284,513.720539267464,GreedyMinMin,0.0,5
57.65168073842958,0.975,3489.797619047617,525.8643003209272,GreedyMinMin,0.0,6
56.59421926742174,0.97,3591.9226190476197,524.0313675274388,GreedyMinMin,0.0,7
69.19502850204992,0.98,3411.0178571428555,510.5082965326394,GreedyMinMin,0.0,8
66.71022538248337,0.97,3424.309523809523,511.61587621198925,GreedyMinMin,0.0,9
65.65239188989868,0.97,3509.2857142857147,512.4378407365804,GreedyMinMin,0.0,10
61.78898482148864,0.97,3623.2619047619037,517.2071656249099,GreedyMinMin,0.0,11
68.33086368938206,0.975,3440.815476190477,510.2863651802127,GreedyMinMin,0.0,12
59.95091352336925,0.965,3572.8928571428573,519.1675940006601,GreedyMinMin,0.0,13
57.93563380699266,0.97,3644.119047619047,522.7994778609395,GreedyMinMin,0.0,14
63.28571902769189,0.98,3534.5238095238087,518.260707172748,GreedyMinMin,0.0,15
54.52166238111787,0.98,3658.315476190477,530.2926671426089,GreedyMinMin,0.0,16
71.54427564668363,0.98,3266.3690476190477,508.286265101403,GreedyMinMin,0.0,17
65.30462414852889,0.975,3577.392857142858,513.5965280629207,GreedyMinMin,0.0,18
57.757232776553415,0.98,3573.452380952383,526.2030794065984,GreedyMinMin,0.0,19
64.47892326105271,0.98,3552.1785714285706,516.3120079655635,Random,0.0,0
65.3900424248801,0.975,3443.154761904761,514.6765435055365,Random,0.0,1
67.65447805792373,0.975,3575.2976190476197,510.0906043416858,Random,0.0,2
63.81712755898853,0.98,3575.0178571428573,517.0991479472316,Random,0.0,3
63.217455624884735,0.975,3556.940476190476,516.9113522769585,Random,0.0,4
63.790997631214516,0.965,3538.1071428571427,513.720539267464,Random,0.0,5
57.58725216700102,0.975,3500.535714285713,525.8643003209272,Random,0.0,6
56.59421926742172,0.97,3591.9226190476197,524.0313675274388,Random,0.0,7
69.19502850204991,0.98,3411.0178571428555,510.5082965326394,Random,0.0,8
66.64651109676907,0.97,3434.928571428571,511.61587621198925,Random,0.0,9
65.66739188989867,0.97,3506.785714285714,512.4378407365803,Random,0.0,10
61.76798482148864,0.97,3626.7619047619037,517.2071656249099,Random,0.0,11
68.33086368938204,0.975,3440.815476190477,510.2863651802127,Random,0.0,12
59.95091352336922,0.965,3572.8928571428573,519.1675940006601,Random,0.0,13
57.87363380699268,0.97,3654.4523809523803,522.7994778609395,Random,0.0,14
63.15993331340612,0.98,3555.4880952380954,518.2607071727482,Random,0.0,15
54.49316238111787,0.98,3663.065476190477,530.2926671426089,Random,0.0,16
71.51477564668365,0.98,3271.2857142857147,508.2862651014029,Random,0.0,17
65.30762414852889,0.975,3576.892857142858,513.5965280629208,Random,0.0,18
57.78273277655344,0.98,3569.202380952383,526.2030794065984,Random,0.0,19
59.95810160321042,0.98,4340.8809523809505,515.9949190237554,DQN,0.0,0
59.414079491188495,0.97,4388.15277777778,513.8855057632165,DQN,0.0,1
64.1060176425228,0.975,4177.607142857143,509.9925092505016,DQN,0.0,2
58.14605613041706,0.98,4520.196428571429,517.0991479472315,DQN,0.0,3
56.86201539110798,0.975,4680.8611111111095,516.3292269133385,DQN,0.0,4
56.225531301938524,0.96,4875.768217893217,511.779789086053,DQN,0.0,5
50.52878285531282,0.975,4777.759018759019,524.9569945481998,DQN,0.0,6
51.24825260985831,0.97,4684.005952380953,523.4715675137841,DQN,0.0,7
64.2762161587101,0.98,4287.156746031746,510.0012650476487,DQN,0.0,8
63.226546811054796,0.97,4004.922619047618,511.61587621198925,DQN,0.0,9
61.29376093751776,0.97,4235.724206349206,512.4378407365801,DQN,0.0,10
56.10559465268933,0.96,4479.275793650795,515.5281258781089,DQN,0.0,11
64.33025763531742,0.97,3977.7380952380977,510.2049706898813,DQN,0.0,12
53.27168149744111,0.96,4851.965187590188,516.4247910655268,DQN,0.0,13
53.74836697747435,0.965,4386.410714285716,521.1497531052172,DQN,0.0,14
55.8238114574556,0.975,4832.909451659451,516.5180977488816,DQN,0.0,15
38.65591462887016,0.98,6302.606768231768,530.2926671426087,DQN,0.0,16
62.879778343731644,0.965,4388.147560772561,507.43700443744916,DQN,0.0,17
61.27003903206211,0.975,4312.660714285716,513.0309950233354,DQN,0.0,18
48.05709560200893,0.97,5000.097222222222,525.4134815969865,DQN,0.0,19
64.22645897533846,0.98,3594.255952380951,516.3120079655633,PPO,0.0,0
64.57826074727461,0.975,3624.432539682539,514.2627160219447,PPO,0.0,1
67.16594234363798,0.975,3656.720238095238,510.09060434168583,PPO,0.0,2
63.373448987559954,0.98,3648.9642857142853,517.0991479472317,PPO,0.0,3
62.26550324393242,0.975,3715.599206349206,516.9113522769587,PPO,0.0,4
63.13980715502405,0.965,3646.6388888888882,513.7205392674639,PPO,0.0,5
57.13693073842959,0.975,3575.5892857142835,525.8643003209271,PPO,0.0,6
55.430659743612175,0.97,3924.7380952380945,524.031367527439,PPO,0.0,7
68.44242135919274,0.98,3536.45238095238,510.5082965326395,PPO,0.0,8
66.7899362416819,0.97,3447.6071428571427,511.2866313517627,PPO,0.0,9
64.6226776041844,0.97,3680.9047619047633,512.4378407365806,PPO,0.0,10
60.26240148815528,0.965,3738.8035714285716,517.2071656249099,PPO,0.0,11
68.27386368938205,0.975,3450.315476190477,510.28636518021284,PPO,0.0,12
59.951342094797795,0.965,3572.8214285714284,519.1675940006601,PPO,0.0,13
57.73013380699267,0.97,3678.369047619047,522.7994778609395,PPO,0.0,14
62.410652078421506,0.975,3637.011904761904,517.4009147395107,PPO,0.0,15
53.296567143022656,0.98,3862.4980158730173,530.2926671426092,PPO,0.0,16
71.16763278954078,0.98,3329.1428571428573,508.28626510140305,PPO,0.0,17
64.46576700567176,0.975,3717.2023809523816,513.5965280629208,PPO,0.0,18
57.19526849083914,0.98,3667.1130952380963,526.2030794065984,PPO,0.0,19
111.6987749860668,1.555,3615.2196969696956,588.6648602481729,RoundRobin,0.5,0
107.74585482496187,1.5,3670.1917388167394,580.3494921132065,RoundRobin,0.5,1
107.52889779448681,1.455,3501.4392413142423,570.9437001364415,RoundRobin,0.5,2
103.1944345883188,1.425,3643.0144300144298,568.6712182473916,RoundRobin,0.5,3
105.48774980371718,1.495,3540.1230574980555,583.6572677769415,RoundRobin,0.5,4
97.48362922095976,1.51,3631.126165501165,598.5944206790502,RoundRobin,0.5,5
109.73671069447089,1.42,3560.5286796536784,558.3501758414106,RoundRobin,0.5,6
100.44032528967969,1.435,3564.745407370406,576.0068033991469,RoundRobin,0.5,7
116.89929786650963,1.54,3539.1304112554108,577.7988794989369,RoundRobin,0.5,8
98.38933333996178,1.425,3672.4335386835382,575.6140981419055,RoundRobin,0.5,9
104.06200488268503,1.34,3480.7261904761904,547.5804569616869,RoundRobin,0.5,10
94.97187285114046,1.38,3730.4821428571413,568.967851437575,RoundRobin,0.5,11
111.18819968508768,1.46,3491.5765623265634,566.7935114114296,RoundRobin,0.5,12
108.29660559043258,1.435,3603.634740259741,563.8723789520137,RoundRobin,0.5,13
110.23245857821084,1.505,3618.6136363636388,578.333789405411,RoundRobin,0.5,14
93.11115029941337,1.46,3584.3961593961594,593.0737091163144,RoundRobin,0.5,15
109.86890281236488,1.455,3567.431998556999,566.8397577944394,RoundRobin,0.5,16
111.57449895309516,1.45,3512.6706349206347,563.5242158560718,RoundRobin,0.5,17
111.81136436435085,1.43,3546.0808219558226,557.8682260558712,RoundRobin,0.5,18
112.41574389077796,1.51,3614.3228715728706,576.3474783196773,RoundRobin,0.5,19
111.86698818953003,1.555,3587.184163059162,588.6648602481727,SJF,0.5,0
108.03055720591433,1.5,3622.7413419913432,580.3494921132063,SJF,0.5,1
107.53389779448675,1.455,3500.6059079809083,570.9437001364417,SJF,0.5,2
103.68273220736643,1.425,3561.6314935064934,568.6712182473916,SJF,0.5,3
105.43117837514569,1.495,3549.551628926626,583.6572677769417,SJF,0.5,4
97.48751608409674,1.51,3630.4783549783547,598.5944206790499,SJF,0.5,5
109.75059597585616,1.42,3558.2144660894655,558.3501758414106,SJF,0.5,6
101.12331972602728,1.44,3568.6521534021517,576.1971510303397,SJF,0.5,7
116.96462204233383,1.54,3528.2430486180474,577.7988794989368,SJF,0.5,8
99.59206129357695,1.435,3633.0818070818073,576.6641717958987,SJF,0.5,9
104.05664773982785,1.34,3481.6190476190486,547.5804569616869,SJF,0.5,10
94.93429601131363,1.38,3736.7449494949474,568.967851437575,SJF,0.5,11
111.2742171364962,1.46,3465.8265623265634,566.8962352343168,SJF,0.5,12
108.83962939995645,1.435,3513.1307720057725,563.8723789520136,SJF,0.5,13
110.30462524487754,1.505,3606.5858585858605,578.3337894054108,SJF,0.5,14
92.20198692847036,1.46,3572.207667332667,593.2971506013001,SJF,0.5,15
109.92089307210514,1.455,3558.7669552669563,566.8397577944394,SJF,0.5,16
111.52975977560598,1.45,3520.1271645021643,563.5242158560717,SJF,0.5,17
111.88629618253273,1.43,3533.592185592186,557.8682260558712,SJF,0.5,18
112.48345817649225,1.51,3603.0371572871563,576.3474783196773,SJF,0.5,19
111.86698818953003,1.555,3587.184163059162,588.6648602481727,GreedyMinMin,0.5,0
108.03055720591433,1.5,3622.7413419913432,580.3494921132063,GreedyMinMin,0.5,1
107.53389779448675,1.455,3500.6059079809083,570.9437001364417,GreedyMinMin,0.5,2
103.68273220736643,1.425,3561.6314935064934,568.6712182473916,GreedyMinMin,0.5,3
105.43117837514569,1.495,3549.551628926626,583.6572677769417,GreedyMinMin,0.5,4
97.48751608409674,1.51,3630.4783549783547,598.5944206790499,GreedyMinMin,0.5,5
109.75059597585616,1.42,3558.2144660894655,558.3501758414106,GreedyMinMin,0.5,6
101.12331972602728,1.44,3568.6521534021517,576.1971510303397,GreedyMinMin,0.5,7
116.96462204233383,1.54,3528.2430486180474,577.7988794989368,GreedyMinMin,0.5,8
99.59206129357695,1.435,3633.0818070818073,576.6641717958987,GreedyMinMin,0.5,9
104.05664773982785,1.34,3481.6190476190486,547.5804569616869,GreedyMinMin,0.5,10
94.93429601131363,1.38,3736.7449494949474,568.967851437575,GreedyMinMin,0.5,11
111.2742171364962,1.46,3465.8265623265634,566.8962352343168,GreedyMinMin,0.5,12
108.83962939995645,1.435,3513.1307720057725,563.8723789520136,GreedyMinMin,0.5,13
110.30462524487754,1.505,3606.5858585858605,578.3337894054108,GreedyMinMin,0.5,14
92.20198692847036,1.46,3572.207667332667,593.2971506013001,GreedyMinMin,0.5,15
109.92089307210514,1.455,3558.7669552669563,566.8397577944394,GreedyMinMin,0.5,16
111.52975977560598,1.45,3520.1271645021643,563.5242158560717,GreedyMinMin,0.5,17
111.88629618253273,1.43,3533.592185592186,557.8682260558712,GreedyMinMin,0.5,18
112.48345817649225,1.51,3603.0371572871563,576.3474783196773,GreedyMinMin,0.5,19
111.69482476961656,1.555,3615.878066378065,588.6648602481727,Random,0.5,0
107.81115079764668,1.5,3680.223665223665,580.1612608165171,Random,0.5,1
107.4989692230582,1.455,3506.427336552337,570.9437001364416,Random,0.5,2
103.2869399995742,1.425,3627.596861471861,568.6712182473916,Random,0.5,3
105.30637750934483,1.495,3570.3517732267724,583.6572677769417,Random,0.5,4
97.57621512440278,1.51,3728.375277500278,597.5802998158937,Random,0.5,5
109.43942065118084,1.42,3610.0770202020194,558.3501758414106,Random,0.5,6
100.95953401174152,1.44,3595.9497724497714,576.1971510303397,Random,0.5,7
116.83905760676939,1.54,3549.170454545454,577.7988794989367,Random,0.5,8
99.48690278541847,1.435,3650.608225108225,576.6641717958983,Random,0.5,9
103.9629096445898,1.34,3497.242063492063,547.580456961687,Random,0.5,10
94.74494536196295,1.38,3768.3033910533904,568.967851437575,Random,0.5,11
111.20743223367921,1.46,3499.784895659897,566.690787588542,Random,0.5,12
108.4976012786452,1.43,3564.844155844157,562.6700006794349,Random,0.5,13
110.020723729726,1.505,3653.9027777777796,578.3337894054112,Random,0.5,14
91.39671786420134,1.46,3706.419178044178,593.2971506013004,Random,0.5,15
109.7920456695077,1.455,3580.2415223665234,566.8397577944396,Random,0.5,16
111.46427975295717,1.45,3575.959054834055,563.1199488770577,Random,0.5,17
111.81011761110415,1.43,3546.2886141636154,557.8682260558711,Random,0.5,18
112.14209021112428,1.51,3659.931818181817,576.3474783196771,Random,0.5,19
105.6974976504425,1.53,4391.558386058387,584.429728049811,DQN,0.5,0
100.98682436116071,1.49,4776.0978743478745,578.0348825891281,DQN,0.5,1
99.65413325377521,1.445,5010.756243756244,566.6719939255308,DQN,0.5,2
97.56436317711251,1.42,4503.138875013876,568.125205359206,DQN,0.5,3
98.76241666365087,1.48,4890.713467088468,577.8399538007275,DQN,0.5,4
90.48753051307392,1.51,5037.8085386835355,596.4284273822371,DQN,0.5,5
103.53974919758741,1.41,4385.39688089688,557.721804275547,DQN,0.5,6
88.94519139659897,1.425,5468.7386808452975,573.6135647774936,DQN,0.5,7
112.35751065966545,1.53,4343.084013209012,574.8759778916206,DQN,0.5,8
89.30852491597793,1.425,5281.419413919414,574.7544379007585,DQN,0.5,9
100.14009826372471,1.34,4416.722374847375,545.0393512307865,DQN,0.5,10
87.0845475594113,1.38,5103.482475857475,568.4418363781655,DQN,0.5,11
102.01803973676301,1.445,4666.817030192032,566.2215871231269,DQN,0.5,12
102.57787997463099,1.425,4446.915945165947,562.3609365315601,DQN,0.5,13
101.62984326298691,1.505,5162.664057347883,577.3412585893894,DQN,0.5,14
77.13595484396393,1.42,5691.4257686757655,588.0732358159721,DQN,0.5,15
103.86478734986636,1.45,4626.295995670996,565.0661550141614,DQN,0.5,16
103.97531296686245,1.44,4740.0527528027515,561.3765557744813,DQN,0.5,17
105.93822245624946,1.43,4577.908133533136,557.3914931138276,DQN,0.5,18
106.23774702761568,1.51,4666.9695443445435,576.1406535594757,DQN,0.5,19
108.29044144753375,1.54,3833.8274503274506,588.0598907757523,PPO,0.5,0
106.37590279564876,1.495,3780.5427766677785,580.1612608165167,PPO,0.5,1
106.77411749145651,1.455,3627.23595848596,570.9437001364413,PPO,0.5,2
102.87389812478234,1.425,3696.4371739371745,568.671218247392,PPO,0.5,3
103.02828866758735,1.485,3771.2398296148285,582.766408532085,PPO,0.5,4
96.20165987983691,1.505,3943.949356199356,596.4519659744506,PPO,0.5,5
108.01320744771758,1.42,3847.7792207792204,558.3501758414106,PPO,0.5,6
99.83797407168164,1.44,3782.876429126429,576.1971510303399,PPO,0.5,7
113.90132767160529,1.52,3572.3740426240415,576.9966421089758,PPO,0.5,8
98.16634695266448,1.435,3890.570346320347,576.4853464541204,PPO,0.5,9
103.26072674415686,1.34,3614.2725468975473,547.5804569616868,PPO,0.5,10
92.54636451997825,1.38,4169.542554667554,568.6545702280243,PPO,0.5,11
109.53062294050449,1.45,3581.007298257297,565.9749999049277,PPO,0.5,12
105.00427521780962,1.415,3711.7003274503277,562.838284226233,PPO,0.5,13
107.97018393618617,1.505,3995.659410034412,578.3337894054108,PPO,0.5,14
87.09354909179783,1.45,4334.3787478860995,592.8502676313285,PPO,0.5,15
109.44976604669537,1.455,3698.0487012987023,566.2929126182685,PPO,0.5,16
110.0039426724141,1.445,3717.9020562770556,562.7829674848851,PPO,0.5,17
111.08932223980878,1.43,3666.421176046177,557.8682260558712,PPO,0.5,18
109.35154292507706,1.51,4125.023032523034,576.3474783196771,PPO,0.5,19
152.33215591727725,1.995,3665.9692407265934,637.2580429575445,RoundRobin,1.0,0
142.21153400801825,1.93,3704.3504240857187,635.8435451712016,RoundRobin,1.0,1
159.20473093828844,1.97,3681.63486075328,620.5581898457878,RoundRobin,1.0,2
157.07081415455346,2.065,3727.432026715116,647.0968905277335,RoundRobin,1.0,3
141.6326632294454,1.885,3700.9378052503043,625.4925649085792,RoundRobin,1.0,4
155.2998632420314,2.205,4042.6166276104364,680.6666554884588,RoundRobin,1.0,5
161.9455562474087,2.145,3877.7617509124857,657.1818098706744,RoundRobin,1.0,6
146.0783736123046,1.955,3722.0528221778236,636.1339641819425,RoundRobin,1.0,7
148.7033005307074,1.88,3648.909992784991,614.1048592688741,RoundRobin,1.0,8
153.91316662009143,1.91,3509.4998546130514,611.2947513783452,RoundRobin,1.0,9
140.98496202673118,1.855,3807.8892927248216,618.0015533253797,RoundRobin,1.0,10
161.9109914344903,2.0,3621.0253912753924,622.0442843267856,RoundRobin,1.0,11
151.3963575909872,1.965,3562.5549515843654,630.84246904926,RoundRobin,1.0,12
143.12424419526766,1.985,3737.5330358281203,646.6758363846455,RoundRobin,1.0,13
152.2974789572928,2.035,3734.7267748591285,646.6912405903283,RoundRobin,1.0,14
132.2125169892455,1.96,3722.8225516313755,655.6758215514496,RoundRobin,1.0,15
143.47079129793343,1.95,3792.895418307182,638.1577542883355,RoundRobin,1.0,16
137.3614524560276,1.82,3724.118983355827,615.4407504657561,RoundRobin,1.0,17
146.0832254723686,1.92,3734.348391804274,627.2660262652088,RoundRobin,1.0,18
135.61283128878864,1.885,3939.29188866689,632.3771260688151,RoundRobin,1.0,19
152.34783261357185,1.995,3599.57483651969,637.8320775509652,SJF,1.0,0
141.80431739130182,1.925,3633.3309713162657,635.8435451712012,SJF,1.0,1
158.76606280971927,1.97,3664.611999627478,621.3693977887738,SJF,1.0,2
157.48371386928807,2.065,3641.803442880648,647.2481982101416,SJF,1.0,3
141.86370407095674,1.885,3662.4309983317307,625.492564908579,SJF,1.0,4
158.09704394620783,2.21,3800.3317544383717,681.1514482907428,SJF,1.0,5
165.38160779334788,2.155,3702.6469335403144,657.3537659081153,SJF,1.0,6
146.61462638184548,1.96,3677.1341297591302,636.9838532593993,SJF,1.0,7
149.01764202254884,1.88,3596.5197441447426,614.1048592688742,SJF,1.0,8
154.1775032589428,1.91,3465.443748137827,611.2947513783453,SJF,1.0,9
142.0678962709615,1.855,3610.9144766911804,618.1499253033369,SJF,1.0,10
161.54955303955185,2.0,3542.3762348762357,622.0442843267862,SJF,1.0,11
150.89396902122365,1.965,3507.397490989406,630.8424690492603,SJF,1.0,12
145.2809442801106,1.99,3585.94938908271,647.3050390780901,SJF,1.0,13
151.55316110279853,2.03,3603.144438894441,646.4919583957519,SJF,1.0,14
131.5943618319192,1.96,3655.961587024087,655.9548029689042,SJF,1.0,15
142.4964446926374,1.95,3670.8999970617615,638.2172329874878,SJF,1.0,16
137.57680767317888,1.82,3688.2264471639496,615.440750465756,SJF,1.0,17
146.56392677106987,1.92,3654.23150868739,627.2660262652084,SJF,1.0,18
136.33230836250357,1.885,3840.6474913974926,632.1857100336671,SJF,1.0,19
152.34783261357185,1.995,3599.57483651969,637.8320775509652,GreedyMinMin,1.0,0
141.80431739130182,1.925,3633.3309713162657,635.8435451712012,GreedyMinMin,1.0,1
158.76606280971927,1.97,3664.611999627478,621.3693977887738,GreedyMinMin,1.0,2
157.48371386928807,2.065,3641.803442880648,647.2481982101416,GreedyMinMin,1.0,3
141.86370407095674,1.885,3662.4309983317307,625.492564908579,GreedyMinMin,1.0,4
158.09704394620783,2.21,3800.3317544383717,681.1514482907428,GreedyMinMin,1.0,5
165.38160779334788,2.155,3702.6469335403144,657.3537659081153,GreedyMinMin,1.0,6
146.61462638184548,1.96,3677.1341297591302,636.9838532593993,GreedyMinMin,1.0,7
149.01764202254884,1.88,3596.5197441447426,614.1048592688742,GreedyMinMin,1.0,8
154.1775032589428,1.91,3465.443748137827,611.2947513783453,GreedyMinMin,1.0,9
142.0678962709615,1.855,3610.9144766911804,618.1499253033369,GreedyMinMin,1.0,10
161.54955303955185,2.0,3542.3762348762357,622.0442843267862,GreedyMinMin,1.0,11
150.89396902122365,1.965,3507.397490989406,630.8424690492603,GreedyMinMin,1.0,12
145.2809442801106,1.99,3585.94938908271,647.3050390780901,GreedyMinMin,1.0,13
151.55316110279853,2.03,3603.144438894441,646.4919583957519,GreedyMinMin,1.0,14
131.5943618319192,1.96,3655.961587024087,655.9548029689042,GreedyMinMin,1.0,15
142.4964446926374,1.95,3670.8999970617615,638.2172329874878,GreedyMinMin,1.0,16
137.57680767317888,1.82,3688.2264471639496,615.440750465756,GreedyMinMin,1.0,17
146.56392677106987,1.92,3654.23150868739,627.2660262652084,GreedyMinMin,1.0,18
136.33230836250357,1.885,3840.6474913974926,632.1857100336671,GreedyMinMin,1.0,19
149.96403193052734,1.99,3739.309529114677,637.6501663421766,Random,1.0,0
141.29735272659107,1.925,3843.85095908993,634.7093122783043,Random,1.0,1
158.8832633486079,1.97,3817.6421265567938,619.8163258380766,Random,1.0,2
154.11129894567975,2.06,3982.096822660483,646.7441801775358,Random,1.0,3
140.6428100012977,1.885,3877.9624125874125,625.3841232847668,Random,1.0,4
152.15710056648552,2.2,4149.664997240464,680.6673641751077,Random,1.0,5
162.0736673563339,2.15,3837.303673042642,657.3537659081153,Random,1.0,6
145.02242973057736,1.955,3829.5563394938385,636.7503483486892,Random,1.0,7
148.81394730060416,1.88,3630.4688644688645,614.1048592688743,Random,1.0,8
153.4983112392524,1.91,3591.8628633363533,611.1757673710944,Random,1.0,9
136.16516704559587,1.83,4119.858488969751,616.1735230308786,Random,1.0,10
161.70647361897247,2.0,3655.1116938616933,622.0442843267859,Random,1.0,11
150.95424774005366,1.965,3636.2399267399283,630.8424690492602,Random,1.0,12
142.81381525475913,1.985,3848.0697117425066,647.3966497121792,Random,1.0,13
150.67171073469015,2.025,3764.9982762335726,646.3574494118621,Random,1.0,14
132.68130547161294,1.96,3891.470980408478,655.9548029689042,Random,1.0,15
141.5575996210423,1.95,3827.374175660942,638.2172329874877,Random,1.0,16
136.23841168601643,1.815,3814.4577089577106,615.0622630903558,Random,1.0,17
144.99383287306213,1.91,3744.222680097679,626.3112465695276,Random,1.0,18
134.11934023183585,1.885,4122.427663431339,631.719140681364,Random,1.0,19
140.30186128780343,1.98,5287.3996027036965,636.9606116439616,DQN,1.0,0
131.0686164784002,1.89,5139.189435500002,629.6443703628994,DQN,1.0,1
150.31385041335218,1.955,4848.184006524949,618.395568321247,DQN,1.0,2
142.79295241859325,2.035,5465.164869208016,644.1240875492381,DQN,1.0,3
131.98727417808425,1.875,4929.586262164052,625.1528123733972,DQN,1.0,4
147.56541838386906,2.185,4981.697855356718,676.3165917259857,DQN,1.0,5
153.78589559688254,2.125,5035.549999364243,654.0012066103984,DQN,1.0,6
134.65458392665414,1.95,5561.536448252284,635.4642960757482,DQN,1.0,7
136.57026157920956,1.845,5247.472823143492,607.9173522228944,DQN,1.0,8
140.88184795068338,1.885,5726.027906868328,608.3929769121598,DQN,1.0,9
129.13045321112884,1.82,5282.165969157264,613.7648264608913,DQN,1.0,10
152.44926024804917,1.98,4661.285095558896,619.3745437678961,DQN,1.0,11
146.22174928108922,1.945,4397.731422881385,627.3377932724336,DQN,1.0,12
137.3467966910394,1.99,5047.927685747346,644.7984557917144,DQN,1.0,13
147.77518471371226,2.035,4692.905367035786,644.8510746261095,DQN,1.0,14
123.87363863957516,1.94,5349.815789258902,651.0411999373074,DQN,1.0,15
132.75445024413563,1.94,5522.606003838782,636.1648705992475,DQN,1.0,16
130.781262468869,1.815,4612.802344971849,614.8128851919497,DQN,1.0,17
134.03729859097905,1.885,5199.3621126895105,623.399793099326,DQN,1.0,18
124.1733611437709,1.87,5775.068715168562,629.264339847827,DQN,1.0,19
141.7702632001154,1.95,4696.228781280641,632.5785461683012,PPO,1.0,0
134.50543589416137,1.905,4763.1934458515325,630.3731051460941,PPO,1.0,1
155.4818434461079,1.955,3905.242047984696,619.1300563989753,PPO,1.0,2
152.79746272597154,2.05,4175.282266838766,645.7262655094939,PPO,1.0,3
135.81495722704872,1.88,4433.435095606146,625.1266482989713,PPO,1.0,4
147.63267352356837,2.165,4472.037615439036,679.5526511756964,PPO,1.0,5
157.15454907173887,2.12,4524.018413024026,653.5520106751753,PPO,1.0,6
139.35377888065932,1.945,4803.586357635314,633.9870544602935,PPO,1.0,7
147.1609992903356,1.875,3826.2444985569996,613.5723005774836,PPO,1.0,8
151.20552087020144,1.91,4238.551924039151,611.2947513783454,PPO,1.0,9
132.27627577991584,1.83,4765.124454170701,616.1994662425897,PPO,1.0,10
155.62941584480976,1.99,4152.656246831943,621.6819700112977,PPO,1.0,11
145.4866052942194,1.96,4578.454567448375,630.5640009516354,PPO,1.0,12
136.62327740535278,1.98,5130.207683454503,643.89321474088,PPO,1.0,13
147.40568278123996,2.03,4556.682722828425,645.3813313226841,PPO,1.0,14
126.46874572962321,1.96,4760.024384950275,653.7066619410126,PPO,1.0,15
134.4935192251016,1.935,4611.0433936763275,636.7603306192606,PPO,1.0,16
129.07707197339727,1.805,4916.418283885541,613.3866274849345,PPO,1.0,17
141.82728665778137,1.915,3984.5711311392415,626.3979298330748,PPO,1.0,18
130.38968810806702,1.875,4475.481875043602,631.6361309625071,PPO,1.0,19
192.87466779436497,2.535,4077.5402280813596,707.7401362557198,RoundRobin,1.5,0
196.7774764688937,2.51,4291.138385715593,689.9635398252191,RoundRobin,1.5,1
189.34391336118154,2.435,3976.0180853549896,688.9499671900328,RoundRobin,1.5,2
168.115186880915,2.2,3815.1143813187145,662.2411902467592,RoundRobin,1.5,3
184.9123953071034,2.28,3714.3519209548617,657.9522397507512,RoundRobin,1.5,4
177.8917022559911,2.49,4456.573996078103,714.3032806513106,RoundRobin,1.5,5
179.13574163317634,2.335,4042.9547155415958,677.4097951103612,RoundRobin,1.5,6
183.37775951823932,2.415,4355.9922718494245,688.2294302759962,RoundRobin,1.5,7
182.07513528922615,2.32,3939.7486901213692,667.6795588550688,RoundRobin,1.5,8
199.53608097029283,2.32,3690.414083465553,647.4821517933708,RoundRobin,1.5,9
183.02987730100511,2.365,4017.61215425012,679.2966746602413,RoundRobin,1.5,10
172.97728103291217,2.32,3807.3791744890827,682.5176658802303,RoundRobin,1.5,11
188.37780003559618,2.455,3985.0281099208432,692.8180469573178,RoundRobin,1.5,12
201.05569869510217,2.545,3931.4910027193278,691.7830329328732,RoundRobin,1.5,13
191.0108704107185,2.465,3773.334698282454,693.2736820993804,RoundRobin,1.5,14
170.60578827061667,2.34,4111.046347808537,692.0919004637977,RoundRobin,1.5,15
195.13664307894732,2.465,3862.4263791969233,681.2831979688065,RoundRobin,1.5,16
167.48860494017214,2.285,4006.114537164687,682.7120617552598,RoundRobin,1.5,17
165.47957639238282,2.285,3831.5657708304766,686.0465434739511,RoundRobin,1.5,18
177.82609086112447,2.305,3933.35424379542,674.1106755141545,RoundRobin,1.5,19
189.73858759523577,2.54,3803.7201432038896,708.6586373183108,SJF,1.5,0
200.18202155724398,2.525,3869.1427988720957,691.1546824742853,SJF,1.5,1
189.3801984336185,2.445,3758.781957764569,689.6006647296913,SJF,1.5,2
168.8040892908456,2.21,3684.619476262471,662.3822907773692,SJF,1.5,3
185.36801973659564,2.28,3638.414516039517,657.9522397507513,SJF,1.5,4
179.58474046633353,2.515,3928.067066495164,716.5202857020436,SJF,1.5,5
178.60340893383025,2.325,3752.115411141148,678.3258478989848,SJF,1.5,6
187.6717485514226,2.425,3889.5784185929306,688.4861714055297,SJF,1.5,7
182.46794267057018,2.32,3735.3919043417873,667.6795588550686,SJF,1.5,8
199.95387924497695,2.32,3587.6888781153484,647.7799812294965,SJF,1.5,9
187.45970081771083,2.38,3738.8358617431777,680.1609260177455,SJF,1.5,10
175.63636049203572,2.315,3695.5800579709244,682.0352387402081,SJF,1.5,11
189.21552979327296,2.455,3816.150873319597,694.3313474502144,SJF,1.5,12
201.08752716822863,2.545,3787.2973683093646,691.7830329328723,SJF,1.5,13
190.97866007589812,2.465,3764.947172495549,694.6474853336929,SJF,1.5,14
170.5157401424939,2.34,3745.4979058609088,693.0169086335113,SJF,1.5,15
197.97007361944594,2.465,3658.666057884327,681.3668950498719,SJF,1.5,16
170.17340273767547,2.29,3773.109750135486,683.2819081422675,SJF,1.5,17
164.29262452618528,2.28,3759.815436605877,685.9727242812692,SJF,1.5,18
180.37131070561418,2.315,3775.350826461119,674.2148765034283,SJF,1.5,19
189.73858759523577,2.54,3803.7201432038896,708.6586373183108,GreedyMinMin,1.5,0
200.18202155724398,2.525,3869.1427988720957,691.1546824742853,GreedyMinMin,1.5,1
189.3801984336185,2.445,3758.781957764569,689.6006647296913,GreedyMinMin,1.5,2
168.8040892908456,2.21,3684.619476262471,662.3822907773692,GreedyMinMin,1.5,3
185.36801973659564,2.28,3638.414516039517,657.9522397507513,GreedyMinMin,1.5,4
179.58474046633353,2.515,3928.067066495164,716.5202857020436,GreedyMinMin,1.5,5
178.60340893383025,2.325,3752.115411141148,678.3258478989848,GreedyMinMin,1.5,6
187.6717485514226,2.425,3889.5784185929306,688.4861714055297,GreedyMinMin,1.5,7
182.46794267057018,2.32,3735.3919043417873,667.6795588550686,GreedyMinMin,1.5,8
199.95387924497695,2.32,3587.6888781153484,647.7799812294965,GreedyMinMin,1.5,9
187.45970081771083,2.38,3738.8358617431777,680.1609260177455,GreedyMinMin,1.5,10
175.63636049203572,2.315,3695.5800579709244,682.0352387402081,GreedyMinMin,1.5,11
189.21552979327296,2.455,3816.150873319597,694.3313474502144,GreedyMinMin,1.5,12
201.08752716822863,2.545,3787.2973683093646,691.7830329328723,GreedyMinMin,1.5,13
190.97866007589812,2.465,3764.947172495549,694.6474853336929,GreedyMinMin,1.5,14
170.5157401424939,2.34,3745.4979058609088,693.0169086335113,GreedyMinMin,1.5,15
197.97007361944594,2.465,3658.666057884327,681.3668950498719,GreedyMinMin,1.5,16
170.17340273767547,2.29,3773.109750135486,683.2819081422675,GreedyMinMin,1.5,17
164.29262452618528,2.28,3759.815436605877,685.9727242812692,GreedyMinMin,1.5,18
180.37131070561418,2.315,3775.350826461119,674.2148765034283,GreedyMinMin,1.5,19
187.15212391113764,2.53,4052.164384953413,707.8023346687129,Random,1.5,0
187.86183244197244,2.495,4813.998269520869,688.631266911353,Random,1.5,1
188.28278808877735,2.44,3950.7721506987596,690.768868510545,Random,1.5,2
161.8979941157822,2.185,3920.8959363434988,660.6149453992355,Random,1.5,3
182.28556087110937,2.28,4027.548988185017,657.8237177996706,Random,1.5,4
175.41130548589078,2.505,4781.032986335547,716.3537448941444,Random,1.5,5
179.41588169180613,2.335,4024.780333310109,677.1531544625002,Random,1.5,6
181.5140730370007,2.41,4475.949294759136,687.4453467916669,Random,1.5,7
181.07792601452476,2.32,3967.061347016044,667.6795588550688,Random,1.5,8
195.12354746701405,2.3,3755.4817161038127,647.2653433545446,Random,1.5,9
183.50234022385183,2.37,4050.8133370813266,679.5391696304905,Random,1.5,10
173.91853787139306,2.32,4012.5708406445647,681.7590556271099,Random,1.5,11
185.39992196787787,2.445,4009.1897189040214,693.3174095780472,Random,1.5,12
200.39732676765257,2.545,3920.0714537655317,691.6233667646306,Random,1.5,13
188.7815476705477,2.46,4111.568434312992,693.5735625853614,Random,1.5,14
164.63276891887065,2.335,4264.832922302158,693.4173503209746,Random,1.5,15
196.24901200418392,2.46,3921.1483990295906,680.3361464024579,Random,1.5,16
169.33169645123974,2.29,4001.7084959673975,681.2370788594338,Random,1.5,17
164.3728978656087,2.285,3971.243573441521,685.1994610406132,Random,1.5,18
177.3973809662358,2.315,4132.116894135275,674.2148765034285,Random,1.5,19
177.24137361910954,2.5,6116.132470299087,701.592747338644,DQN,1.5,0
188.5063236337497,2.48,5275.224180654378,684.7634969234861,DQN,1.5,1
179.45874524937426,2.415,5457.854947670184,682.941187596907,DQN,1.5,2
160.9818873581378,2.17,4856.172544839919,653.5716160592345,DQN,1.5,3
176.19965378171236,2.255,4795.901822291912,655.0374029268041,DQN,1.5,4
169.15596995098446,2.475,5543.887402470614,713.8710584512877,DQN,1.5,5
174.65927254726807,2.315,4732.939410626765,672.914636483457,DQN,1.5,6
177.46512400490295,2.405,5190.508517132223,685.8377373384553,DQN,1.5,7
178.52423001475617,2.32,5162.311491580529,665.7528515536412,DQN,1.5,8
189.09501220098252,2.28,4964.362281311365,641.678221166724,DQN,1.5,9
171.06802023858071,2.35,5497.7711218873,677.6680295451428,DQN,1.5,10
159.64220158337358,2.28,5491.669027439115,676.1116763779875,DQN,1.5,11
177.74642480642467,2.455,5778.54614928426,692.6234474468049,DQN,1.5,12
189.01232218824572,2.535,6033.101239639818,689.6836055608729,DQN,1.5,13
178.6303311397458,2.425,5150.932915583294,689.4461070501316,DQN,1.5,14
159.8914379287444,2.305,5309.840949520634,687.3742745611981,DQN,1.5,15
187.86022811126813,2.44,5127.669728801496,678.3106302738842,DQN,1.5,16
160.19580241364366,2.255,4922.707354764411,676.6519301866545,DQN,1.5,17
149.77634740142676,2.27,5937.133601056666,683.1512764883502,DQN,1.5,18
167.0779031003398,2.28,5435.688900619059,669.211945243919,DQN,1.5,19
186.1001215671277,2.5,4541.42796041891,703.726966005538,PPO,1.5,0
159.04819123573307,2.34,7866.734273962505,671.8771046807382,PPO,1.5,1
177.1285844206648,2.345,5442.713900440787,671.5726982650353,PPO,1.5,2
157.5384104396589,2.19,5560.127825765639,659.9012339086204,PPO,1.5,3
177.87707789609132,2.275,4892.116154925003,657.9053377615378,PPO,1.5,4
155.78618211217815,2.4,6725.102301174849,705.7948061211594,PPO,1.5,5
169.00210726903083,2.315,5284.966535470744,675.1821402772174,PPO,1.5,6
168.09911776218036,2.365,6321.634111980094,680.9566163489088,PPO,1.5,7
171.4936637966788,2.305,5901.707441564159,665.8941373309045,PPO,1.5,8
187.83267034218497,2.275,4965.939232696755,641.0575413924513,PPO,1.5,9
168.61863148865228,2.3,5867.468649426342,669.2648349221847,PPO,1.5,10
166.79004188095502,2.305,5214.114434829686,677.8879072650999,PPO,1.5,11
174.12274397518522,2.42,5967.575993109985,690.1077000992323,PPO,1.5,12
182.9032448223674,2.505,6891.0996741569,687.3752356990368,PPO,1.5,13
177.80217925632942,2.41,5270.574910411625,688.3615569218008,PPO,1.5,14
154.76001035409809,2.285,5759.117378597857,684.7779280614722,PPO,1.5,15
181.22385274416177,2.41,5907.960647411471,672.4925750570541,PPO,1.5,16
152.79750858969555,2.205,5600.544000614246,670.3988411099278,PPO,1.5,17
123.23680197655712,2.165,8382.261807131226,677.2044407709832,PPO,1.5,18
165.89339122603437,2.28,5718.036785117542,668.4475820948907,PPO,1.5,19
224.38684248365675,2.995,4960.461134094815,751.2755860676618,RoundRobin,2.0,0
237.42856906427085,3.075,4728.637789627132,761.2994062969492,RoundRobin,2.0,1
194.38367022318138,2.825,6215.457099414659,748.7353807704957,RoundRobin,2.0,2
233.60445241009234,2.88,4186.626686758222,726.9136812040377,RoundRobin,2.0,3
198.80980404371277,2.635,4255.566520710635,717.235195248035,RoundRobin,2.0,4
202.6589096009827,2.96,6072.195849987002,766.3618729486433,RoundRobin,2.0,5
213.8876997951999,2.92,4865.109882536992,755.3824613643679,RoundRobin,2.0,6
234.31985375381475,2.97,4410.27882814627,740.0777099159615,RoundRobin,2.0,7
225.80986070613807,2.845,5277.252756215373,721.2899341348544,RoundRobin,2.0,8
228.74380578844278,2.85,4371.417498384566,722.5415338318745,RoundRobin,2.0,9
229.1673464857987,2.88,4598.84667317987,729.8593602126832,RoundRobin,2.0,10
222.62772725637564,2.845,4336.77411329105,732.0274420958165,RoundRobin,2.0,11
219.77492919555976,2.82,4255.692375054115,734.5363748311734,RoundRobin,2.0,12
229.18523397015178,3.055,5647.443724810804,760.3951555214749,RoundRobin,2.0,13
190.80783408989888,2.905,5682.196634126689,781.3984791580114,RoundRobin,2.0,14
199.43790400589816,2.915,5047.451362202683,777.9160817313284,RoundRobin,2.0,15
209.78004116947824,2.865,4599.319925104383,753.9360589198425,RoundRobin,2.0,16
216.79876081193802,3.08,6863.576392588194,769.2796712487991,RoundRobin,2.0,17
218.38887967679946,2.875,4569.379988394333,741.2922605892518,RoundRobin,2.0,18
205.233271388448,2.855,4537.910905046273,755.0588947719122,RoundRobin,2.0,19
229.1272124440223,3.015,4293.386924192569,751.4186990162334,SJF,2.0,0
243.56303565737448,3.075,4251.402031681604,761.3928282288039,SJF,2.0,1
210.2021728805124,2.87,4457.185428143475,754.5820718259398,SJF,2.0,2
234.61249784648447,2.88,3862.3007679251477,727.0705463189469,SJF,2.0,3
198.47548928421094,2.635,3932.3993989112014,718.1451714834823,SJF,2.0,4
213.28853448976216,2.985,4362.82178107218,772.0518022357073,SJF,2.0,5
220.77287899915495,2.955,4065.8554435444516,758.4979825093668,SJF,2.0,6
238.76630353765984,2.975,4046.701243477659,740.4302335022111,SJF,2.0,7
230.52409997267208,2.85,4023.9352449286803,721.7484328366343,SJF,2.0,8
231.26691353168965,2.89,3808.7291118324415,727.5710676959736,SJF,2.0,9
236.9030034475199,2.915,3917.85500726552,731.8847997633302,SJF,2.0,10
224.97061702879037,2.865,3905.6227188173198,734.8934699874584,SJF,2.0,11
220.31347091541878,2.835,3906.4156201548108,736.8720530454789,SJF,2.0,12
236.7787507799207,3.06,4395.561047149817,760.2718244057704,SJF,2.0,13
198.9353656163668,2.935,4871.094019064114,789.007105403873,SJF,2.0,14
207.31060456033111,2.94,4331.225518552529,780.0530634925309,SJF,2.0,15
212.3054866216892,2.9,4183.9247016294885,758.8864477528009,SJF,2.0,16
233.44623651133276,3.17,4669.901734124527,781.5515296258802,SJF,2.0,17
224.29802683771902,2.885,4067.87595597202,743.192076139673,SJF,2.0,18
210.097910711301,2.87,4108.6656926192145,759.1251426994754,SJF,2.0,19
229.1272124440223,3.015,4293.386924192569,751.4186990162334,GreedyMinMin,2.0,0
243.56303565737448,3.075,4251.402031681604,761.3928282288039,GreedyMinMin,2.0,1
210.2021728805124,2.87,4457.185428143475,754.5820718259398,GreedyMinMin,2.0,2
234.61249784648447,2.88,3862.3007679251477,727.0705463189469,GreedyMinMin,2.0,3
198.47548928421094,2.635,3932.3993989112014,718.1451714834823,GreedyMinMin,2.0,4
213.28853448976216,2.985,4362.82178107218,772.0518022357073,GreedyMinMin,2.0,5
220.77287899915495,2.955,4065.8554435444516,758.4979825093668,GreedyMinMin,2.0,6
238.76630353765984,2.975,4046.701243477659,740.4302335022111,GreedyMinMin,2.0,7
230.52409997267208,2.85,4023.9352449286803,721.7484328366343,GreedyMinMin,2.0,8
231.26691353168965,2.89,3808.7291118324415,727.5710676959736,GreedyMinMin,2.0,9
236.9030034475199,2.915,3917.85500726552,731.8847997633302,GreedyMinMin,2.0,10
224.97061702879037,2.865,3905.6227188173198,734.8934699874584,GreedyMinMin,2.0,11
220.31347091541878,2.835,3906.4156201548108,736.8720530454789,GreedyMinMin,2.0,12
236.7787507799207,3.06,4395.561047149817,760.2718244057704,GreedyMinMin,2.0,13
198.9353656163668,2.935,4871.094019064114,789.007105403873,GreedyMinMin,2.0,14
207.31060456033111,2.94,4331.225518552529,780.0530634925309,GreedyMinMin,2.0,15
212.3054866216892,2.9,4183.9247016294885,758.8864477528009,GreedyMinMin,2.0,16
233.44623651133276,3.17,4669.901734124527,781.5515296258802,GreedyMinMin,2.0,17
224.29802683771902,2.885,4067.87595597202,743.192076139673,GreedyMinMin,2.0,18
210.097910711301,2.87,4108.6656926192145,759.1251426994754,GreedyMinMin,2.0,19
231.11314581491916,2.99,5208.223825320083,748.9562668497406,Random,2.0,0
235.14415411883746,3.065,5268.70775328125,758.6153990422129,Random,2.0,1
204.42292633422196,2.845,5282.717006875306,750.8211574367895,Random,2.0,2
234.1590079792501,2.865,4274.016206918546,725.295342168858,Random,2.0,3
196.38217994619228,2.64,4837.756243860291,716.886923885969,Random,2.0,4
206.13416395859213,2.945,5961.836612750439,765.8922245473581,Random,2.0,5
216.91832769201184,2.93,4790.529800272602,756.5077402595291,Random,2.0,6
237.64967313170666,2.97,4524.255365023293,740.3071920172306,Random,2.0,7
224.3488754629072,2.84,5419.334030590388,720.9526805303254,Random,2.0,8
229.2731594428115,2.84,4346.114765327015,721.9752279478395,Random,2.0,9
227.32630507954622,2.875,5532.131024309888,726.7213631618915,Random,2.0,10
221.07938616251258,2.83,4479.759378452321,731.8130863501603,Random,2.0,11
212.3970102767989,2.825,4505.97243499603,734.6007326698367,Random,2.0,12
218.15777008882824,3.055,6574.076158847024,759.8466594371343,Random,2.0,13
183.18247008539464,2.88,6295.463895145309,781.0671198156001,Random,2.0,14
202.2979805551294,2.92,5305.265081133042,776.3056434371082,Random,2.0,15
213.36600953449317,2.89,4655.819494416348,755.5486102485135,Random,2.0,16
225.05104472661202,3.1,6102.259801154267,771.2530946996928,Random,2.0,17
217.37442844876267,2.88,4611.951855650348,742.4307906260032,Random,2.0,18
203.31568487753412,2.85,4748.589057761131,757.2891711638491,Random,2.0,19
216.0231180095646,2.915,6081.618728000965,744.9807544336446,DQN,2.0,0
223.61691521601506,3.015,6295.436837292035,754.165695640349,DQN,2.0,1
188.81045996607233,2.8,7349.541178951885,741.8884394403243,DQN,2.0,2
227.0997256946474,2.855,4952.663847816517,724.7764368276808,DQN,2.0,3
189.34836619436675,2.62,5843.464827400851,715.8862672618422,DQN,2.0,4
202.61762206321697,2.95,5892.151115502784,768.0442068656496,DQN,2.0,5
211.5563962003445,2.915,5334.407714189014,754.6557362717815,DQN,2.0,6
229.861339114351,2.965,5883.420323567597,738.5072084163648,DQN,2.0,7
207.2853071093335,2.825,7141.208322191766,718.5511644362738,DQN,2.0,8
224.83157412419615,2.82,5037.28861974167,719.9170412360302,DQN,2.0,9
212.71536867285846,2.865,6023.184119733983,727.9682899131071,DQN,2.0,10
213.3295029857743,2.835,5668.90566208732,728.9855945625523,DQN,2.0,11
198.8338957828191,2.795,7187.290414590259,729.5635425944587,DQN,2.0,12
207.96601756253355,3.025,7811.868460569186,758.9941575110767,DQN,2.0,13
190.24117297091922,2.9,6305.446057300885,777.8892260279131,DQN,2.0,14
190.69920124870663,2.88,6231.6641627573,772.8662206621246,DQN,2.0,15
203.39891233025932,2.865,5653.375903191322,751.5212483758894,DQN,2.0,16
219.46701632371406,3.105,6601.570960464807,773.8853368702459,DQN,2.0,17
199.25830112699347,2.865,8182.394704243972,739.970995971314,DQN,2.0,18
192.88976006565474,2.845,6745.237593708852,754.9582215581381,DQN,2.0,19
140.08662409650407,2.71,15886.751631484714,719.3892991718817,PPO,2.0,0
169.7683843781714,2.865,12818.593608508629,741.2300809561655,PPO,2.0,1
154.5262941510161,2.645,10572.11524084744,726.811521605849,PPO,2.0,2
177.36708608407412,2.75,11729.955122132313,714.629774774699,PPO,2.0,3
173.82155158125482,2.54,7591.387850556877,704.695181973106,PPO,2.0,4
128.72123448485254,2.625,14316.18004439611,728.0725278731555,PPO,2.0,5
182.26272207892185,2.785,8212.436510107593,742.6939882906487,PPO,2.0,6
153.22807314299055,2.7,14314.01992679084,707.5817109443965,PPO,2.0,7
173.4370682911009,2.665,11117.562784262165,702.2863325049896,PPO,2.0,8
171.09569770853395,2.685,11756.971281671666,706.2937119021547,PPO,2.0,9
183.15406109811514,2.695,9148.683986442971,706.6807524748405,PPO,2.0,10
196.90799556931535,2.695,7341.271920098814,709.8165593651379,PPO,2.0,11
177.24163500616237,2.695,8830.404905823834,722.163903338342,PPO,2.0,12
146.67429164559093,2.76,14898.607467134874,724.6510953273998,PPO,2.0,13
127.21093388619795,2.665,13281.137789848208,752.1533590620697,PPO,2.0,14
146.33003734870363,2.725,11529.148483881503,751.742607622011,PPO,2.0,15
177.05987965919246,2.765,9097.381660494855,740.0337455667577,PPO,2.0,16
188.6345676614847,2.89,10018.920707553976,741.8778621397873,PPO,2.0,17
192.07151868094044,2.75,7337.710331670003,728.3533289935597,PPO,2.0,18
150.94006629068804,2.655,10323.794845275599,735.6757469564867,PPO,2.0,19
255.8167958368464,3.615,9534.263181379218,820.4664376123172,RoundRobin,3.0,0
230.0187896839502,3.51,9371.678002609584,825.6267134505887,RoundRobin,3.0,1
241.27643715141713,3.63,10215.911822023681,826.1421378746611,RoundRobin,3.0,2
255.64116799024129,3.57,6826.227536199393,818.8522001888435,RoundRobin,3.0,3
236.37298578132405,3.4,7960.498730407092,806.296032754351,RoundRobin,3.0,4
204.80431821025985,3.39,11058.353356793346,822.0183424734707,RoundRobin,3.0,5
261.18848808598443,3.68,8099.6718266276885,830.3202214313745,RoundRobin,3.0,6
262.57625848456064,3.655,9691.850885614554,813.9089543026284,RoundRobin,3.0,7
258.2569099172706,3.625,8132.581820361649,821.9213987408388,RoundRobin,3.0,8
249.5590580856025,3.55,8309.030367571753,819.6301395634508,RoundRobin,3.0,9
244.21998303774032,3.495,8129.367147181246,811.755721118758,RoundRobin,3.0,10
253.89348110737006,3.765,10521.32961274996,839.467811824195,RoundRobin,3.0,11
216.56061804138602,3.465,10521.227131968417,831.7180287502051,RoundRobin,3.0,12
218.06273331019173,3.465,10351.487355203677,828.4925138378792,RoundRobin,3.0,13
236.35937732104512,3.575,10161.771293531798,826.5049923766462,RoundRobin,3.0,14
223.24920765651123,3.505,11579.212624326392,828.4132748962954,RoundRobin,3.0,15
225.37525064607834,3.53,10538.448183454293,825.8410903797943,RoundRobin,3.0,16
258.5504628064114,3.53,7838.482941752108,797.877959314614,RoundRobin,3.0,17
233.78204533325254,3.565,10145.953212026281,828.0133530918843,RoundRobin,3.0,18
215.31602707801352,3.61,12024.462632214534,846.3057956930488,RoundRobin,3.0,19
250.74405709212172,3.63,8348.513796008647,826.2472901977396,SJF,3.0,0
246.72136072982357,3.565,7644.743894512826,831.1152638546492,SJF,3.0,1
244.20111392470037,3.635,9454.81227860979,828.6050186054609,SJF,3.0,2
268.3021370371076,3.62,6107.728968255945,823.8272337300357,SJF,3.0,3
248.98039214974239,3.44,6693.130144191412,812.5412404776631,SJF,3.0,4
215.2386997953946,3.415,10158.670640267947,824.4639145444961,SJF,3.0,5
271.20289727654017,3.715,7621.9716845625035,830.8479089241274,SJF,3.0,6
284.9045723710508,3.74,6656.202222178935,823.9873214438135,SJF,3.0,7
258.8061361511379,3.64,7276.853878341482,825.0491108682193,SJF,3.0,8
263.8890345597316,3.595,7732.445163499382,822.0744416889081,SJF,3.0,9
257.6046830129946,3.545,6794.626256981349,816.1913391676762,SJF,3.0,10
248.07704444896694,3.765,9554.615760972156,841.8928914778003,SJF,3.0,11
223.89726616658155,3.48,9083.49277272428,836.1526657956091,SJF,3.0,12
223.16579926569102,3.475,9099.174931524129,828.3587267177464,SJF,3.0,13
252.2238169313562,3.645,8848.56233152261,833.2772136192622,SJF,3.0,14
230.79624570408134,3.595,9785.747666808673,835.7339024425992,SJF,3.0,15
232.37597956563604,3.53,9838.372358574512,825.390679424375,SJF,3.0,16
271.824747000153,3.62,6417.091420350605,807.0090567166152,SJF,3.0,17
238.26093184529574,3.595,8351.768260491373,832.4426878876341,SJF,3.0,18
226.30791811495115,3.64,10796.154395140402,850.8727332713094,SJF,3.0,19
250.74405709212172,3.63,8348.513796008647,826.2472901977396,GreedyMinMin,3.0,0
246.72136072982357,3.565,7644.743894512826,831.1152638546492,GreedyMinMin,3.0,1
244.20111392470037,3.635,9454.81227860979,828.6050186054609,GreedyMinMin,3.0,2
268.3021370371076,3.62,6107.728968255945,823.8272337300357,GreedyMinMin,3.0,3
248.98039214974239,3.44,6693.130144191412,812.5412404776631,GreedyMinMin,3.0,4
215.2386997953946,3.415,10158.670640267947,824.4639145444961,GreedyMinMin,3.0,5
271.20289727654017,3.715,7621.9716845625035,830.8479089241274,GreedyMinMin,3.0,6
284.9045723710508,3.74,6656.202222178935,823.9873214438135,GreedyMinMin,3.0,7
258.8061361511379,3.64,7276.853878341482,825.0491108682193,GreedyMinMin,3.0,8
263.8890345597316,3.595,7732.445163499382,822.0744416889081,GreedyMinMin,3.0,9
257.6046830129946,3.545,6794.626256981349,816.1913391676762,GreedyMinMin,3.0,10
248.07704444896694,3.765,9554.615760972156,841.8928914778003,GreedyMinMin,3.0,11
223.89726616658155,3.48,9083.49277272428,836.1526657956091,GreedyMinMin,3.0,12
223.16579926569102,3.475,9099.174931524129,828.3587267177464,GreedyMinMin,3.0,13
252.2238169313562,3.645,8848.56233152261,833.2772136192622,GreedyMinMin,3.0,14
230.79624570408134,3.595,9785.747666808673,835.7339024425992,GreedyMinMin,3.0,15
232.37597956563604,3.53,9838.372358574512,825.390679424375,GreedyMinMin,3.0,16
271.824747000153,3.62,6417.091420350605,807.0090567166152,GreedyMinMin,3.0,17
238.26093184529574,3.595,8351.768260491373,832.4426878876341,GreedyMinMin,3.0,18
226.30791811495115,3.64,10796.154395140402,850.8727332713094,GreedyMinMin,3.0,19
247.34685601377586,3.585,9153.14027321674,822.8514535203863,Random,3.0,0
226.3311904820572,3.5,9614.191120079144,821.4754941962024,Random,3.0,1
241.21145544769684,3.635,9881.436585224952,826.7498875614303,Random,3.0,2
254.16620239253294,3.535,7832.783329921604,814.5056464419067,Random,3.0,3
238.81203660779977,3.43,7804.89477112393,807.7878921481846,Random,3.0,4
212.07345103644917,3.415,11378.908872213478,820.7296435954048,Random,3.0,5
263.42735358588516,3.695,8222.58316477669,832.1057211381822,Random,3.0,6
252.59639179806953,3.635,9712.168704718217,816.1958939604311,Random,3.0,7
246.3991985678244,3.595,9032.473048030412,817.8589447159902,Random,3.0,8
241.68264596470658,3.51,8760.86495669088,816.1282464427226,Random,3.0,9
237.78427840259158,3.495,8284.673679413445,812.5115192813917,Random,3.0,10
256.55258637372197,3.78,10863.750679768073,836.1473643215047,Random,3.0,11
213.33111224048167,3.485,10507.602753535226,830.4349068574602,Random,3.0,12
223.5662532075835,3.5,9970.376228162339,827.4172341351637,Random,3.0,13
238.5191412955043,3.55,11241.355868272029,817.2990852422943,Random,3.0,14
223.4341127557681,3.52,11508.068693813762,830.0262126220233,Random,3.0,15
225.61770226687867,3.525,10801.494939613614,824.3599921431592,Random,3.0,16
271.86684421165756,3.58,7428.358761706459,800.3445048271553,Random,3.0,17
228.83280947048328,3.575,10352.66872746826,827.3267672470612,Random,3.0,18
207.42859386924076,3.605,12530.296157783754,843.5844437760855,Random,3.0,19
204.7710888981177,3.51,16022.504769674895,799.8908237257492,DQN,3.0,0
199.47558036301453,3.375,13397.17768967664,807.7120302483877,DQN,3.0,1
183.04976725789632,3.48,16660.064415359408,816.7347693749207,DQN,3.0,2
233.42829445646544,3.51,11637.699122374157,802.618266213934,DQN,3.0,3
214.37794585866902,3.315,11644.147045504194,791.1357578024587,DQN,3.0,4
178.99746899442167,3.325,16355.964788344076,796.8001134132708,DQN,3.0,5
212.4678842923184,3.545,14523.001450189897,815.5911605098132,DQN,3.0,6
231.92581560701365,3.54,13139.702991220434,801.3539496684962,DQN,3.0,7
214.92122374515935,3.5,12862.037837322516,800.6098238463585,DQN,3.0,8
205.5550068566953,3.44,15204.88524381056,798.5735225206615,DQN,3.0,9
224.91960917046924,3.39,10471.738365417394,802.1249409555394,DQN,3.0,10
189.22848094945707,3.585,19281.8602133855,811.3705366553445,DQN,3.0,11
205.5222016769698,3.5,13676.481207382405,821.1283666181038,DQN,3.0,12
180.09733342333746,3.36,16174.402354732214,814.2843786724039,DQN,3.0,13
217.16505049384114,3.565,13959.821926398521,818.614026921652,DQN,3.0,14
176.92326399044507,3.35,16560.22120405289,806.823113177856,DQN,3.0,15
179.52263198464502,3.415,16120.067234622378,813.1354469114309,DQN,3.0,16
221.8536251916396,3.405,12637.934499283014,782.2281517189933,DQN,3.0,17
200.19294714486483,3.43,15320.407633698715,800.5769105794147,DQN,3.0,18
166.2637583693383,3.45,19007.060723189887,833.2908159372839,DQN,3.0,19
196.2217951314165,3.42,15389.906230221106,803.4081512308856,PPO,3.0,0
119.91648771007272,3.055,22256.046399834384,773.5708508363812,PPO,3.0,1
193.25589869104047,3.41,15933.473223547075,804.2148929515159,PPO,3.0,2
187.17953192084363,3.295,15370.48579262415,783.396329985117,PPO,3.0,3
172.477192349703,3.165,15333.425762075372,779.5333796167668,PPO,3.0,4
163.96605236012587,3.27,16161.010411329784,804.851827757843,PPO,3.0,5
189.62283891339428,3.4,17167.7034292238,793.5564107668946,PPO,3.0,6
209.04172221330214,3.41,14494.794450190697,792.2342666283304,PPO,3.0,7
163.8885689924268,3.28,19999.922197689255,781.6678467321569,PPO,3.0,8
178.0262819751507,3.235,18246.74031917825,771.2399141646697,PPO,3.0,9
169.0871020415471,3.21,16310.67695948188,787.0732543023422,PPO,3.0,10
174.75640400517148,3.565,20401.634708176323,821.7506816186557,PPO,3.0,11
149.81008667248975,3.335,19755.05318374467,802.4893913375631,PPO,3.0,12
174.7191926343806,3.335,16124.197218286836,806.5534360838475,PPO,3.0,13
163.48964730164508,3.305,19386.29071309858,787.7889126296453,PPO,3.0,14
183.68634448247101,3.445,15693.023006399726,820.7332762186961,PPO,3.0,15
168.93760219707798,3.295,17826.470858943278,794.9053589738933,PPO,3.0,16
162.5495391762964,3.185,19015.56677616443,765.0355902500756,PPO,3.0,17
153.48863140364537,3.245,20476.132324778297,785.4818619715268,PPO,3.0,18
146.7625261956305,3.33,20716.23564113534,814.6600899363356,PPO,3.0,19
